series_id,period,frequency,value,unit,status,source_id,source_url,source_sha256,retrieved_at
indec_indigence_persons_cuyo,2016-S2,semiannual,4.300000,percent_of_persons,official,indec_poverty,https://www.indec.gob.ar/ftp/cuadros/sociedad/cuadros_informe_pobreza_03_26.xls,1bc8ace7a469fc0c4ff37cb2c624d4bd025ab18fb767386e6b8a03af3010b5d3,2026-07-11T07:14:15Z
indec_indigence_persons_cuyo,2017-S1,semiannual,3.958620,percent_of_persons,official,indec_poverty,https://www.indec.gob.ar/ftp/cuadros/sociedad/cuadros_informe_pobreza_03_26.xls,1bc8ace7a469fc0c4ff37cb2c624d4bd025ab18fb767386e6b8a03af3010b5d3,2026-07-11T07:14:15Z
indec_indigence_persons_cuyo,2017-S2,semiannual,3.800000,percent_of_persons,official,indec_poverty,https://www.indec.gob.ar/ftp/cuadros/sociedad/cuadros_informe_pobreza_03_26.xls,1bc8ace7a469fc0c4ff37cb2c624d4bd025ab18fb767386e6b8a03af3010b5d3,2026-07-11T07:14:15Z
indec_indigence_persons_cuyo,2018-S1,semiannual,3.400000,percent_of_persons,official,indec_poverty,https://www.indec.gob.ar/ftp/cuadros/sociedad/cuadros_informe_pobreza_03_26.xls,1bc8ace7a469fc0c4ff37cb2c624d4bd025ab18fb767386e6b8a03af3010b5d3,2026-07-11T07:14:15Z
indec_indigence_persons_cuyo,2018-S2,semiannual,4.000000,percent_of_persons,official,indec_poverty,https://www.indec.gob.ar/ftp/cuadros/sociedad/cuadros_informe_pobreza_03_26.xls,1bc8ace7a469fc0c4ff37cb2c624d4bd025ab18fb767386e6b8a03af3010b5d3,2026-07-11T07:14:15Z
indec_indigence_persons_cuyo,2019-S1,semiannual,5.900000,percent_of_persons,official,indec_poverty,https://www.indec.gob.ar/ftp/cuadros/sociedad/cuadros_informe_pobreza_03_26.xls,1bc8ace7a469fc0c4ff37cb2c624d4bd025ab18fb767386e6b8a03af3010b5d3,2026-07-11T07:14:15Z
indec_indigence_persons_cuyo,2019-S2,semiannual,6.000000,percent_of_persons,official,indec_poverty,https://www.indec.gob.ar/ftp/cuadros/sociedad/cuadros_informe_pobreza_03_26.xls,1bc8ace7a469fc0c4ff37cb2c624d4bd025ab18fb767386e6b8a03af3010b5d3,2026-07-11T07:14:15Z
indec_indigence_persons_cuyo,2020-S1,semiannual,7.200000,percent_of_persons,official,indec_poverty,https://www.indec.gob.ar/ftp/cuadros/sociedad/cuadros_informe_pobreza_03_26.xls,1bc8ace7a469fc0c4ff37cb2c624d4bd025ab18fb767386e6b8a03af3010b5d3,2026-07-11T07:14:15Z
indec_indigence_persons_cuyo,2020-S2,semiannual,5.300000,percent_of_persons,official,indec_poverty,https://www.indec.gob.ar/ftp/cuadros/sociedad/cuadros_informe_pobreza_03_26.xls,1bc8ace7a469fc0c4ff37cb2c624d4bd025ab18fb767386e6b8a03af3010b5d3,2026-07-11T07:14:15Z
indec_indigence_persons_cuyo,2021-S1,semiannual,6.400000,percent_of_persons,official,indec_poverty,https://www.indec.gob.ar/ftp/cuadros/sociedad/cuadros_informe_pobreza_03_26.xls,1bc8ace7a469fc0c4ff37cb2c624d4bd025ab18fb767386e6b8a03af3010b5d3,2026-07-11T07:14:15Z
indec_indigence_persons_cuyo,2021-S2,semiannual,6.300000,percent_of_persons,official,indec_poverty,https://www.indec.gob.ar/ftp/cuadros/sociedad/cuadros_informe_pobreza_03_26.xls,1bc8ace7a469fc0c4ff37cb2c624d4bd025ab18fb767386e6b8a03af3010b5d3,2026-07-11T07:14:15Z
indec_indigence_persons_cuyo,2022-S1,semiannual,4.200000,percent_of_persons,official,indec_poverty,https://www.indec.gob.ar/ftp/cuadros/sociedad/cuadros_informe_pobreza_03_26.xls,1bc8ace7a469fc0c4ff37cb2c624d4bd025ab18fb767386e6b8a03af3010b5d3,2026-07-11T07:14:15Z
indec_indigence_persons_cuyo,2022-S2,semiannual,5.300000,percent_of_persons,official,indec_poverty,https://www.indec.gob.ar/ftp/cuadros/sociedad/cuadros_informe_pobreza_03_26.xls,1bc8ace7a469fc0c4ff37cb2c624d4bd025ab18fb767386e6b8a03af3010b5d3,2026-07-11T07:14:15Z
indec_indigence_persons_cuyo,2023-S1,semiannual,6.700000,percent_of_persons,official,indec_poverty,https://www.indec.gob.ar/ftp/cuadros/sociedad/cuadros_informe_pobreza_03_26.xls,1bc8ace7a469fc0c4ff37cb2c624d4bd025ab18fb767386e6b8a03af3010b5d3,2026-07-11T07:14:15Z
indec_indigence_persons_cuyo,2023-S2,semiannual,10.500000,percent_of_persons,official,indec_poverty,https://www.indec.gob.ar/ftp/cuadros/sociedad/cuadros_informe_pobreza_03_26.xls,1bc8ace7a469fc0c4ff37cb2c624d4bd025ab18fb767386e6b8a03af3010b5d3,2026-07-11T07:14:15Z
indec_indigence_persons_cuyo,2024-S1,semiannual,13.500000,percent_of_persons,official,indec_poverty,https://www.indec.gob.ar/ftp/cuadros/sociedad/cuadros_informe_pobreza_03_26.xls,1bc8ace7a469fc0c4ff37cb2c624d4bd025ab18fb767386e6b8a03af3010b5d3,2026-07-11T07:14:15Z
indec_indigence_persons_cuyo,2024-S2,semiannual,6.500000,percent_of_persons,official,indec_poverty,https://www.indec.gob.ar/ftp/cuadros/sociedad/cuadros_informe_pobreza_03_26.xls,1bc8ace7a469fc0c4ff37cb2c624d4bd025ab18fb767386e6b8a03af3010b5d3,2026-07-11T07:14:15Z
indec_indigence_persons_cuyo,2025-S1,semiannual,4.500000,percent_of_persons,official,indec_poverty,https://www.indec.gob.ar/ftp/cuadros/sociedad/cuadros_informe_pobreza_03_26.xls,1bc8ace7a469fc0c4ff37cb2c624d4bd025ab18fb767386e6b8a03af3010b5d3,2026-07-11T07:14:15Z
indec_indigence_persons_cuyo,2025-S2,semiannual,4.600000,percent_of_persons,official,indec_poverty,https://www.indec.gob.ar/ftp/cuadros/sociedad/cuadros_informe_pobreza_03_26.xls,1bc8ace7a469fc0c4ff37cb2c624d4bd025ab18fb767386e6b8a03af3010b5d3,2026-07-11T07:14:15Z
indec_indigence_persons_greater_buenos_aires,2016-S2,semiannual,6.400000,percent_of_persons,official,indec_poverty,https://www.indec.gob.ar/ftp/cuadros/sociedad/cuadros_informe_pobreza_03_26.xls,1bc8ace7a469fc0c4ff37cb2c624d4bd025ab18fb767386e6b8a03af3010b5d3,2026-07-11T07:14:15Z
indec_indigence_persons_greater_buenos_aires,2017-S1,semiannual,7.061760,percent_of_persons,official,indec_poverty,https://www.indec.gob.ar/ftp/cuadros/sociedad/cuadros_informe_pobreza_03_26.xls,1bc8ace7a469fc0c4ff37cb2c624d4bd025ab18fb767386e6b8a03af3010b5d3,2026-07-11T07:14:15Z
indec_indigence_persons_greater_buenos_aires,2017-S2,semiannual,5.500000,percent_of_persons,official,indec_poverty,https://www.indec.gob.ar/ftp/cuadros/sociedad/cuadros_informe_pobreza_03_26.xls,1bc8ace7a469fc0c4ff37cb2c624d4bd025ab18fb767386e6b8a03af3010b5d3,2026-07-11T07:14:15Z
indec_indigence_persons_greater_buenos_aires,2018-S1,semiannual,5.400000,percent_of_persons,official,indec_poverty,https://www.indec.gob.ar/ftp/cuadros/sociedad/cuadros_informe_pobreza_03_26.xls,1bc8ace7a469fc0c4ff37cb2c624d4bd025ab18fb767386e6b8a03af3010b5d3,2026-07-11T07:14:15Z
indec_indigence_persons_greater_buenos_aires,2018-S2,semiannual,7.300000,percent_of_persons,official,indec_poverty,https://www.indec.gob.ar/ftp/cuadros/sociedad/cuadros_informe_pobreza_03_26.xls,1bc8ace7a469fc0c4ff37cb2c624d4bd025ab18fb767386e6b8a03af3010b5d3,2026-07-11T07:14:15Z
indec_indigence_persons_greater_buenos_aires,2019-S1,semiannual,8.300000,percent_of_persons,official,indec_poverty,https://www.indec.gob.ar/ftp/cuadros/sociedad/cuadros_informe_pobreza_03_26.xls,1bc8ace7a469fc0c4ff37cb2c624d4bd025ab18fb767386e6b8a03af3010b5d3,2026-07-11T07:14:15Z
indec_indigence_persons_greater_buenos_aires,2019-S2,semiannual,9.300000,percent_of_persons,official,indec_poverty,https://www.indec.gob.ar/ftp/cuadros/sociedad/cuadros_informe_pobreza_03_26.xls,1bc8ace7a469fc0c4ff37cb2c624d4bd025ab18fb767386e6b8a03af3010b5d3,2026-07-11T07:14:15Z
indec_indigence_persons_greater_buenos_aires,2020-S1,semiannual,11.700000,percent_of_persons,official,indec_poverty,https://www.indec.gob.ar/ftp/cuadros/sociedad/cuadros_informe_pobreza_03_26.xls,1bc8ace7a469fc0c4ff37cb2c624d4bd025ab18fb767386e6b8a03af3010b5d3,2026-07-11T07:14:15Z
indec_indigence_persons_greater_buenos_aires,2020-S2,semiannual,13.300000,percent_of_persons,official,indec_poverty,https://www.indec.gob.ar/ftp/cuadros/sociedad/cuadros_informe_pobreza_03_26.xls,1bc8ace7a469fc0c4ff37cb2c624d4bd025ab18fb767386e6b8a03af3010b5d3,2026-07-11T07:14:15Z
indec_indigence_persons_greater_buenos_aires,2021-S1,semiannual,11.500000,percent_of_persons,official,indec_poverty,https://www.indec.gob.ar/ftp/cuadros/sociedad/cuadros_informe_pobreza_03_26.xls,1bc8ace7a469fc0c4ff37cb2c624d4bd025ab18fb767386e6b8a03af3010b5d3,2026-07-11T07:14:15Z
indec_indigence_persons_greater_buenos_aires,2021-S2,semiannual,8.900000,percent_of_persons,official,indec_poverty,https://www.indec.gob.ar/ftp/cuadros/sociedad/cuadros_informe_pobreza_03_26.xls,1bc8ace7a469fc0c4ff37cb2c624d4bd025ab18fb767386e6b8a03af3010b5d3,2026-07-11T07:14:15Z
indec_indigence_persons_greater_buenos_aires,2022-S1,semiannual,10.400000,percent_of_persons,official,indec_poverty,https://www.indec.gob.ar/ftp/cuadros/sociedad/cuadros_informe_pobreza_03_26.xls,1bc8ace7a469fc0c4ff37cb2c624d4bd025ab18fb767386e6b8a03af3010b5d3,2026-07-11T07:14:15Z
indec_indigence_persons_greater_buenos_aires,2022-S2,semiannual,8.700000,percent_of_persons,official,indec_poverty,https://www.indec.gob.ar/ftp/cuadros/sociedad/cuadros_informe_pobreza_03_26.xls,1bc8ace7a469fc0c4ff37cb2c624d4bd025ab18fb767386e6b8a03af3010b5d3,2026-07-11T07:14:15Z
indec_indigence_persons_greater_buenos_aires,2023-S1,semiannual,10.400000,percent_of_persons,official,indec_poverty,https://www.indec.gob.ar/ftp/cuadros/sociedad/cuadros_informe_pobreza_03_26.xls,1bc8ace7a469fc0c4ff37cb2c624d4bd025ab18fb767386e6b8a03af3010b5d3,2026-07-11T07:14:15Z
indec_indigence_persons_greater_buenos_aires,2023-S2,semiannual,12.500000,percent_of_persons,official,indec_poverty,https://www.indec.gob.ar/ftp/cuadros/sociedad/cuadros_informe_pobreza_03_26.xls,1bc8ace7a469fc0c4ff37cb2c624d4bd025ab18fb767386e6b8a03af3010b5d3,2026-07-11T07:14:15Z
indec_indigence_persons_greater_buenos_aires,2024-S1,semiannual,19.800000,percent_of_persons,official,indec_poverty,https://www.indec.gob.ar/ftp/cuadros/sociedad/cuadros_informe_pobreza_03_26.xls,1bc8ace7a469fc0c4ff37cb2c624d4bd025ab18fb767386e6b8a03af3010b5d3,2026-07-11T07:14:15Z
indec_indigence_persons_greater_buenos_aires,2024-S2,semiannual,8.600000,percent_of_persons,official,indec_poverty,https://www.indec.gob.ar/ftp/cuadros/sociedad/cuadros_informe_pobreza_03_26.xls,1bc8ace7a469fc0c4ff37cb2c624d4bd025ab18fb767386e6b8a03af3010b5d3,2026-07-11T07:14:15Z
indec_indigence_persons_greater_buenos_aires,2025-S1,semiannual,7.800000,percent_of_persons,official,indec_poverty,https://www.indec.gob.ar/ftp/cuadros/sociedad/cuadros_informe_pobreza_03_26.xls,1bc8ace7a469fc0c4ff37cb2c624d4bd025ab18fb767386e6b8a03af3010b5d3,2026-07-11T07:14:15Z
indec_indigence_persons_greater_buenos_aires,2025-S2,semiannual,7.000000,percent_of_persons,official,indec_poverty,https://www.indec.gob.ar/ftp/cuadros/sociedad/cuadros_informe_pobreza_03_26.xls,1bc8ace7a469fc0c4ff37cb2c624d4bd025ab18fb767386e6b8a03af3010b5d3,2026-07-11T07:14:15Z
indec_indigence_persons_northeast,2016-S2,semiannual,5.100000,percent_of_persons,official,indec_poverty,https://www.indec.gob.ar/ftp/cuadros/sociedad/cuadros_informe_pobreza_03_26.xls,1bc8ace7a469fc0c4ff37cb2c624d4bd025ab18fb767386e6b8a03af3010b5d3,2026-07-11T07:14:15Z
indec_indigence_persons_northeast,2017-S1,semiannual,5.794562,percent_of_persons,official,indec_poverty,https://www.indec.gob.ar/ftp/cuadros/sociedad/cuadros_informe_pobreza_03_26.xls,1bc8ace7a469fc0c4ff37cb2c624d4bd025ab18fb767386e6b8a03af3010b5d3,2026-07-11T07:14:15Z
indec_indigence_persons_northeast,2017-S2,semiannual,5.800000,percent_of_persons,official,indec_poverty,https://www.indec.gob.ar/ftp/cuadros/sociedad/cuadros_informe_pobreza_03_26.xls,1bc8ace7a469fc0c4ff37cb2c624d4bd025ab18fb767386e6b8a03af3010b5d3,2026-07-11T07:14:15Z
indec_indigence_persons_northeast,2018-S1,semiannual,4.100000,percent_of_persons,official,indec_poverty,https://www.indec.gob.ar/ftp/cuadros/sociedad/cuadros_informe_pobreza_03_26.xls,1bc8ace7a469fc0c4ff37cb2c624d4bd025ab18fb767386e6b8a03af3010b5d3,2026-07-11T07:14:15Z
indec_indigence_persons_northeast,2018-S2,semiannual,9.300000,percent_of_persons,official,indec_poverty,https://www.indec.gob.ar/ftp/cuadros/sociedad/cuadros_informe_pobreza_03_26.xls,1bc8ace7a469fc0c4ff37cb2c624d4bd025ab18fb767386e6b8a03af3010b5d3,2026-07-11T07:14:15Z
indec_indigence_persons_northeast,2019-S1,semiannual,11.200000,percent_of_persons,official,indec_poverty,https://www.indec.gob.ar/ftp/cuadros/sociedad/cuadros_informe_pobreza_03_26.xls,1bc8ace7a469fc0c4ff37cb2c624d4bd025ab18fb767386e6b8a03af3010b5d3,2026-07-11T07:14:15Z
indec_indigence_persons_northeast,2019-S2,semiannual,7.200000,percent_of_persons,official,indec_poverty,https://www.indec.gob.ar/ftp/cuadros/sociedad/cuadros_informe_pobreza_03_26.xls,1bc8ace7a469fc0c4ff37cb2c624d4bd025ab18fb767386e6b8a03af3010b5d3,2026-07-11T07:14:15Z
indec_indigence_persons_northeast,2020-S1,semiannual,11.400000,percent_of_persons,official,indec_poverty,https://www.indec.gob.ar/ftp/cuadros/sociedad/cuadros_informe_pobreza_03_26.xls,1bc8ace7a469fc0c4ff37cb2c624d4bd025ab18fb767386e6b8a03af3010b5d3,2026-07-11T07:14:15Z
indec_indigence_persons_northeast,2020-S2,semiannual,7.600000,percent_of_persons,official,indec_poverty,https://www.indec.gob.ar/ftp/cuadros/sociedad/cuadros_informe_pobreza_03_26.xls,1bc8ace7a469fc0c4ff37cb2c624d4bd025ab18fb767386e6b8a03af3010b5d3,2026-07-11T07:14:15Z
indec_indigence_persons_northeast,2021-S1,semiannual,11.700000,percent_of_persons,official,indec_poverty,https://www.indec.gob.ar/ftp/cuadros/sociedad/cuadros_informe_pobreza_03_26.xls,1bc8ace7a469fc0c4ff37cb2c624d4bd025ab18fb767386e6b8a03af3010b5d3,2026-07-11T07:14:15Z
indec_indigence_persons_northeast,2021-S2,semiannual,11.000000,percent_of_persons,official,indec_poverty,https://www.indec.gob.ar/ftp/cuadros/sociedad/cuadros_informe_pobreza_03_26.xls,1bc8ace7a469fc0c4ff37cb2c624d4bd025ab18fb767386e6b8a03af3010b5d3,2026-07-11T07:14:15Z
indec_indigence_persons_northeast,2022-S1,semiannual,9.300000,percent_of_persons,official,indec_poverty,https://www.indec.gob.ar/ftp/cuadros/sociedad/cuadros_informe_pobreza_03_26.xls,1bc8ace7a469fc0c4ff37cb2c624d4bd025ab18fb767386e6b8a03af3010b5d3,2026-07-11T07:14:15Z
indec_indigence_persons_northeast,2022-S2,semiannual,10.300000,percent_of_persons,official,indec_poverty,https://www.indec.gob.ar/ftp/cuadros/sociedad/cuadros_informe_pobreza_03_26.xls,1bc8ace7a469fc0c4ff37cb2c624d4bd025ab18fb767386e6b8a03af3010b5d3,2026-07-11T07:14:15Z
indec_indigence_persons_northeast,2023-S1,semiannual,10.600000,percent_of_persons,official,indec_poverty,https://www.indec.gob.ar/ftp/cuadros/sociedad/cuadros_informe_pobreza_03_26.xls,1bc8ace7a469fc0c4ff37cb2c624d4bd025ab18fb767386e6b8a03af3010b5d3,2026-07-11T07:14:15Z
indec_indigence_persons_northeast,2023-S2,semiannual,14.500000,percent_of_persons,official,indec_poverty,https://www.indec.gob.ar/ftp/cuadros/sociedad/cuadros_informe_pobreza_03_26.xls,1bc8ace7a469fc0c4ff37cb2c624d4bd025ab18fb767386e6b8a03af3010b5d3,2026-07-11T07:14:15Z
indec_indigence_persons_northeast,2024-S1,semiannual,23.200000,percent_of_persons,official,indec_poverty,https://www.indec.gob.ar/ftp/cuadros/sociedad/cuadros_informe_pobreza_03_26.xls,1bc8ace7a469fc0c4ff37cb2c624d4bd025ab18fb767386e6b8a03af3010b5d3,2026-07-11T07:14:15Z
indec_indigence_persons_northeast,2024-S2,semiannual,11.600000,percent_of_persons,official,indec_poverty,https://www.indec.gob.ar/ftp/cuadros/sociedad/cuadros_informe_pobreza_03_26.xls,1bc8ace7a469fc0c4ff37cb2c624d4bd025ab18fb767386e6b8a03af3010b5d3,2026-07-11T07:14:15Z
indec_indigence_persons_northeast,2025-S1,semiannual,8.500000,percent_of_persons,official,indec_poverty,https://www.indec.gob.ar/ftp/cuadros/sociedad/cuadros_informe_pobreza_03_26.xls,1bc8ace7a469fc0c4ff37cb2c624d4bd025ab18fb767386e6b8a03af3010b5d3,2026-07-11T07:14:15Z
indec_indigence_persons_northeast,2025-S2,semiannual,7.500000,percent_of_persons,official,indec_poverty,https://www.indec.gob.ar/ftp/cuadros/sociedad/cuadros_informe_pobreza_03_26.xls,1bc8ace7a469fc0c4ff37cb2c624d4bd025ab18fb767386e6b8a03af3010b5d3,2026-07-11T07:14:15Z
indec_indigence_persons_northwest,2016-S2,semiannual,5.300000,percent_of_persons,official,indec_poverty,https://www.indec.gob.ar/ftp/cuadros/sociedad/cuadros_informe_pobreza_03_26.xls,1bc8ace7a469fc0c4ff37cb2c624d4bd025ab18fb767386e6b8a03af3010b5d3,2026-07-11T07:14:15Z
indec_indigence_persons_northwest,2017-S1,semiannual,4.715706,percent_of_persons,official,indec_poverty,https://www.indec.gob.ar/ftp/cuadros/sociedad/cuadros_informe_pobreza_03_26.xls,1bc8ace7a469fc0c4ff37cb2c624d4bd025ab18fb767386e6b8a03af3010b5d3,2026-07-11T07:14:15Z
indec_indigence_persons_northwest,2017-S2,semiannual,3.800000,percent_of_persons,official,indec_poverty,https://www.indec.gob.ar/ftp/cuadros/sociedad/cuadros_informe_pobreza_03_26.xls,1bc8ace7a469fc0c4ff37cb2c624d4bd025ab18fb767386e6b8a03af3010b5d3,2026-07-11T07:14:15Z
indec_indigence_persons_northwest,2018-S1,semiannual,3.600000,percent_of_persons,official,indec_poverty,https://www.indec.gob.ar/ftp/cuadros/sociedad/cuadros_informe_pobreza_03_26.xls,1bc8ace7a469fc0c4ff37cb2c624d4bd025ab18fb767386e6b8a03af3010b5d3,2026-07-11T07:14:15Z
indec_indigence_persons_northwest,2018-S2,semiannual,5.200000,percent_of_persons,official,indec_poverty,https://www.indec.gob.ar/ftp/cuadros/sociedad/cuadros_informe_pobreza_03_26.xls,1bc8ace7a469fc0c4ff37cb2c624d4bd025ab18fb767386e6b8a03af3010b5d3,2026-07-11T07:14:15Z
indec_indigence_persons_northwest,2019-S1,semiannual,5.800000,percent_of_persons,official,indec_poverty,https://www.indec.gob.ar/ftp/cuadros/sociedad/cuadros_informe_pobreza_03_26.xls,1bc8ace7a469fc0c4ff37cb2c624d4bd025ab18fb767386e6b8a03af3010b5d3,2026-07-11T07:14:15Z
indec_indigence_persons_northwest,2019-S2,semiannual,6.400000,percent_of_persons,official,indec_poverty,https://www.indec.gob.ar/ftp/cuadros/sociedad/cuadros_informe_pobreza_03_26.xls,1bc8ace7a469fc0c4ff37cb2c624d4bd025ab18fb767386e6b8a03af3010b5d3,2026-07-11T07:14:15Z
indec_indigence_persons_northwest,2020-S1,semiannual,7.900000,percent_of_persons,official,indec_poverty,https://www.indec.gob.ar/ftp/cuadros/sociedad/cuadros_informe_pobreza_03_26.xls,1bc8ace7a469fc0c4ff37cb2c624d4bd025ab18fb767386e6b8a03af3010b5d3,2026-07-11T07:14:15Z
indec_indigence_persons_northwest,2020-S2,semiannual,7.000000,percent_of_persons,official,indec_poverty,https://www.indec.gob.ar/ftp/cuadros/sociedad/cuadros_informe_pobreza_03_26.xls,1bc8ace7a469fc0c4ff37cb2c624d4bd025ab18fb767386e6b8a03af3010b5d3,2026-07-11T07:14:15Z
indec_indigence_persons_northwest,2021-S1,semiannual,9.200000,percent_of_persons,official,indec_poverty,https://www.indec.gob.ar/ftp/cuadros/sociedad/cuadros_informe_pobreza_03_26.xls,1bc8ace7a469fc0c4ff37cb2c624d4bd025ab18fb767386e6b8a03af3010b5d3,2026-07-11T07:14:15Z
indec_indigence_persons_northwest,2021-S2,semiannual,7.000000,percent_of_persons,official,indec_poverty,https://www.indec.gob.ar/ftp/cuadros/sociedad/cuadros_informe_pobreza_03_26.xls,1bc8ace7a469fc0c4ff37cb2c624d4bd025ab18fb767386e6b8a03af3010b5d3,2026-07-11T07:14:15Z
indec_indigence_persons_northwest,2022-S1,semiannual,6.000000,percent_of_persons,official,indec_poverty,https://www.indec.gob.ar/ftp/cuadros/sociedad/cuadros_informe_pobreza_03_26.xls,1bc8ace7a469fc0c4ff37cb2c624d4bd025ab18fb767386e6b8a03af3010b5d3,2026-07-11T07:14:15Z
indec_indigence_persons_northwest,2022-S2,semiannual,7.400000,percent_of_persons,official,indec_poverty,https://www.indec.gob.ar/ftp/cuadros/sociedad/cuadros_informe_pobreza_03_26.xls,1bc8ace7a469fc0c4ff37cb2c624d4bd025ab18fb767386e6b8a03af3010b5d3,2026-07-11T07:14:15Z
indec_indigence_persons_northwest,2023-S1,semiannual,7.800000,percent_of_persons,official,indec_poverty,https://www.indec.gob.ar/ftp/cuadros/sociedad/cuadros_informe_pobreza_03_26.xls,1bc8ace7a469fc0c4ff37cb2c624d4bd025ab18fb767386e6b8a03af3010b5d3,2026-07-11T07:14:15Z
indec_indigence_persons_northwest,2023-S2,semiannual,10.700000,percent_of_persons,official,indec_poverty,https://www.indec.gob.ar/ftp/cuadros/sociedad/cuadros_informe_pobreza_03_26.xls,1bc8ace7a469fc0c4ff37cb2c624d4bd025ab18fb767386e6b8a03af3010b5d3,2026-07-11T07:14:15Z
indec_indigence_persons_northwest,2024-S1,semiannual,17.200000,percent_of_persons,official,indec_poverty,https://www.indec.gob.ar/ftp/cuadros/sociedad/cuadros_informe_pobreza_03_26.xls,1bc8ace7a469fc0c4ff37cb2c624d4bd025ab18fb767386e6b8a03af3010b5d3,2026-07-11T07:14:15Z
indec_indigence_persons_northwest,2024-S2,semiannual,8.100000,percent_of_persons,official,indec_poverty,https://www.indec.gob.ar/ftp/cuadros/sociedad/cuadros_informe_pobreza_03_26.xls,1bc8ace7a469fc0c4ff37cb2c624d4bd025ab18fb767386e6b8a03af3010b5d3,2026-07-11T07:14:15Z
indec_indigence_persons_northwest,2025-S1,semiannual,4.400000,percent_of_persons,official,indec_poverty,https://www.indec.gob.ar/ftp/cuadros/sociedad/cuadros_informe_pobreza_03_26.xls,1bc8ace7a469fc0c4ff37cb2c624d4bd025ab18fb767386e6b8a03af3010b5d3,2026-07-11T07:14:15Z
indec_indigence_persons_northwest,2025-S2,semiannual,3.800000,percent_of_persons,official,indec_poverty,https://www.indec.gob.ar/ftp/cuadros/sociedad/cuadros_informe_pobreza_03_26.xls,1bc8ace7a469fc0c4ff37cb2c624d4bd025ab18fb767386e6b8a03af3010b5d3,2026-07-11T07:14:15Z
indec_indigence_persons_pampean,2016-S2,semiannual,6.700000,percent_of_persons,official,indec_poverty,https://www.indec.gob.ar/ftp/cuadros/sociedad/cuadros_informe_pobreza_03_26.xls,1bc8ace7a469fc0c4ff37cb2c624d4bd025ab18fb767386e6b8a03af3010b5d3,2026-07-11T07:14:15Z
indec_indigence_persons_pampean,2017-S1,semiannual,6.000325,percent_of_persons,official,indec_poverty,https://www.indec.gob.ar/ftp/cuadros/sociedad/cuadros_informe_pobreza_03_26.xls,1bc8ace7a469fc0c4ff37cb2c624d4bd025ab18fb767386e6b8a03af3010b5d3,2026-07-11T07:14:15Z
indec_indigence_persons_pampean,2017-S2,semiannual,4.100000,percent_of_persons,official,indec_poverty,https://www.indec.gob.ar/ftp/cuadros/sociedad/cuadros_informe_pobreza_03_26.xls,1bc8ace7a469fc0c4ff37cb2c624d4bd025ab18fb767386e6b8a03af3010b5d3,2026-07-11T07:14:15Z
indec_indigence_persons_pampean,2018-S1,semiannual,5.300000,percent_of_persons,official,indec_poverty,https://www.indec.gob.ar/ftp/cuadros/sociedad/cuadros_informe_pobreza_03_26.xls,1bc8ace7a469fc0c4ff37cb2c624d4bd025ab18fb767386e6b8a03af3010b5d3,2026-07-11T07:14:15Z
indec_indigence_persons_pampean,2018-S2,semiannual,6.500000,percent_of_persons,official,indec_poverty,https://www.indec.gob.ar/ftp/cuadros/sociedad/cuadros_informe_pobreza_03_26.xls,1bc8ace7a469fc0c4ff37cb2c624d4bd025ab18fb767386e6b8a03af3010b5d3,2026-07-11T07:14:15Z
indec_indigence_persons_pampean,2019-S1,semiannual,7.200000,percent_of_persons,official,indec_poverty,https://www.indec.gob.ar/ftp/cuadros/sociedad/cuadros_informe_pobreza_03_26.xls,1bc8ace7a469fc0c4ff37cb2c624d4bd025ab18fb767386e6b8a03af3010b5d3,2026-07-11T07:14:15Z
indec_indigence_persons_pampean,2019-S2,semiannual,6.600000,percent_of_persons,official,indec_poverty,https://www.indec.gob.ar/ftp/cuadros/sociedad/cuadros_informe_pobreza_03_26.xls,1bc8ace7a469fc0c4ff37cb2c624d4bd025ab18fb767386e6b8a03af3010b5d3,2026-07-11T07:14:15Z
indec_indigence_persons_pampean,2020-S1,semiannual,10.100000,percent_of_persons,official,indec_poverty,https://www.indec.gob.ar/ftp/cuadros/sociedad/cuadros_informe_pobreza_03_26.xls,1bc8ace7a469fc0c4ff37cb2c624d4bd025ab18fb767386e6b8a03af3010b5d3,2026-07-11T07:14:15Z
indec_indigence_persons_pampean,2020-S2,semiannual,7.700000,percent_of_persons,official,indec_poverty,https://www.indec.gob.ar/ftp/cuadros/sociedad/cuadros_informe_pobreza_03_26.xls,1bc8ace7a469fc0c4ff37cb2c624d4bd025ab18fb767386e6b8a03af3010b5d3,2026-07-11T07:14:15Z
indec_indigence_persons_pampean,2021-S1,semiannual,11.100000,percent_of_persons,official,indec_poverty,https://www.indec.gob.ar/ftp/cuadros/sociedad/cuadros_informe_pobreza_03_26.xls,1bc8ace7a469fc0c4ff37cb2c624d4bd025ab18fb767386e6b8a03af3010b5d3,2026-07-11T07:14:15Z
indec_indigence_persons_pampean,2021-S2,semiannual,7.600000,percent_of_persons,official,indec_poverty,https://www.indec.gob.ar/ftp/cuadros/sociedad/cuadros_informe_pobreza_03_26.xls,1bc8ace7a469fc0c4ff37cb2c624d4bd025ab18fb767386e6b8a03af3010b5d3,2026-07-11T07:14:15Z
indec_indigence_persons_pampean,2022-S1,semiannual,8.200000,percent_of_persons,official,indec_poverty,https://www.indec.gob.ar/ftp/cuadros/sociedad/cuadros_informe_pobreza_03_26.xls,1bc8ace7a469fc0c4ff37cb2c624d4bd025ab18fb767386e6b8a03af3010b5d3,2026-07-11T07:14:15Z
indec_indigence_persons_pampean,2022-S2,semiannual,7.400000,percent_of_persons,official,indec_poverty,https://www.indec.gob.ar/ftp/cuadros/sociedad/cuadros_informe_pobreza_03_26.xls,1bc8ace7a469fc0c4ff37cb2c624d4bd025ab18fb767386e6b8a03af3010b5d3,2026-07-11T07:14:15Z
indec_indigence_persons_pampean,2023-S1,semiannual,8.200000,percent_of_persons,official,indec_poverty,https://www.indec.gob.ar/ftp/cuadros/sociedad/cuadros_informe_pobreza_03_26.xls,1bc8ace7a469fc0c4ff37cb2c624d4bd025ab18fb767386e6b8a03af3010b5d3,2026-07-11T07:14:15Z
indec_indigence_persons_pampean,2023-S2,semiannual,11.600000,percent_of_persons,official,indec_poverty,https://www.indec.gob.ar/ftp/cuadros/sociedad/cuadros_informe_pobreza_03_26.xls,1bc8ace7a469fc0c4ff37cb2c624d4bd025ab18fb767386e6b8a03af3010b5d3,2026-07-11T07:14:15Z
indec_indigence_persons_pampean,2024-S1,semiannual,15.900000,percent_of_persons,official,indec_poverty,https://www.indec.gob.ar/ftp/cuadros/sociedad/cuadros_informe_pobreza_03_26.xls,1bc8ace7a469fc0c4ff37cb2c624d4bd025ab18fb767386e6b8a03af3010b5d3,2026-07-11T07:14:15Z
indec_indigence_persons_pampean,2024-S2,semiannual,7.700000,percent_of_persons,official,indec_poverty,https://www.indec.gob.ar/ftp/cuadros/sociedad/cuadros_informe_pobreza_03_26.xls,1bc8ace7a469fc0c4ff37cb2c624d4bd025ab18fb767386e6b8a03af3010b5d3,2026-07-11T07:14:15Z
indec_indigence_persons_pampean,2025-S1,semiannual,6.400000,percent_of_persons,official,indec_poverty,https://www.indec.gob.ar/ftp/cuadros/sociedad/cuadros_informe_pobreza_03_26.xls,1bc8ace7a469fc0c4ff37cb2c624d4bd025ab18fb767386e6b8a03af3010b5d3,2026-07-11T07:14:15Z
indec_indigence_persons_pampean,2025-S2,semiannual,6.200000,percent_of_persons,official,indec_poverty,https://www.indec.gob.ar/ftp/cuadros/sociedad/cuadros_informe_pobreza_03_26.xls,1bc8ace7a469fc0c4ff37cb2c624d4bd025ab18fb767386e6b8a03af3010b5d3,2026-07-11T07:14:15Z
indec_indigence_persons_patagonia,2016-S2,semiannual,3.300000,percent_of_persons,official,indec_poverty,https://www.indec.gob.ar/ftp/cuadros/sociedad/cuadros_informe_pobreza_03_26.xls,1bc8ace7a469fc0c4ff37cb2c624d4bd025ab18fb767386e6b8a03af3010b5d3,2026-07-11T07:14:15Z
indec_indigence_persons_patagonia,2017-S1,semiannual,3.089595,percent_of_persons,official,indec_poverty,https://www.indec.gob.ar/ftp/cuadros/sociedad/cuadros_informe_pobreza_03_26.xls,1bc8ace7a469fc0c4ff37cb2c624d4bd025ab18fb767386e6b8a03af3010b5d3,2026-07-11T07:14:15Z
indec_indigence_persons_patagonia,2017-S2,semiannual,2.200000,percent_of_persons,official,indec_poverty,https://www.indec.gob.ar/ftp/cuadros/sociedad/cuadros_informe_pobreza_03_26.xls,1bc8ace7a469fc0c4ff37cb2c624d4bd025ab18fb767386e6b8a03af3010b5d3,2026-07-11T07:14:15Z
indec_indigence_persons_patagonia,2018-S1,semiannual,2.400000,percent_of_persons,official,indec_poverty,https://www.indec.gob.ar/ftp/cuadros/sociedad/cuadros_informe_pobreza_03_26.xls,1bc8ace7a469fc0c4ff37cb2c624d4bd025ab18fb767386e6b8a03af3010b5d3,2026-07-11T07:14:15Z
indec_indigence_persons_patagonia,2018-S2,semiannual,3.200000,percent_of_persons,official,indec_poverty,https://www.indec.gob.ar/ftp/cuadros/sociedad/cuadros_informe_pobreza_03_26.xls,1bc8ace7a469fc0c4ff37cb2c624d4bd025ab18fb767386e6b8a03af3010b5d3,2026-07-11T07:14:15Z
indec_indigence_persons_patagonia,2019-S1,semiannual,4.000000,percent_of_persons,official,indec_poverty,https://www.indec.gob.ar/ftp/cuadros/sociedad/cuadros_informe_pobreza_03_26.xls,1bc8ace7a469fc0c4ff37cb2c624d4bd025ab18fb767386e6b8a03af3010b5d3,2026-07-11T07:14:15Z
indec_indigence_persons_patagonia,2019-S2,semiannual,4.900000,percent_of_persons,official,indec_poverty,https://www.indec.gob.ar/ftp/cuadros/sociedad/cuadros_informe_pobreza_03_26.xls,1bc8ace7a469fc0c4ff37cb2c624d4bd025ab18fb767386e6b8a03af3010b5d3,2026-07-11T07:14:15Z
indec_indigence_persons_patagonia,2020-S1,semiannual,6.400000,percent_of_persons,official,indec_poverty,https://www.indec.gob.ar/ftp/cuadros/sociedad/cuadros_informe_pobreza_03_26.xls,1bc8ace7a469fc0c4ff37cb2c624d4bd025ab18fb767386e6b8a03af3010b5d3,2026-07-11T07:14:15Z
indec_indigence_persons_patagonia,2020-S2,semiannual,7.800000,percent_of_persons,official,indec_poverty,https://www.indec.gob.ar/ftp/cuadros/sociedad/cuadros_informe_pobreza_03_26.xls,1bc8ace7a469fc0c4ff37cb2c624d4bd025ab18fb767386e6b8a03af3010b5d3,2026-07-11T07:14:15Z
indec_indigence_persons_patagonia,2021-S1,semiannual,5.900000,percent_of_persons,official,indec_poverty,https://www.indec.gob.ar/ftp/cuadros/sociedad/cuadros_informe_pobreza_03_26.xls,1bc8ace7a469fc0c4ff37cb2c624d4bd025ab18fb767386e6b8a03af3010b5d3,2026-07-11T07:14:15Z
indec_indigence_persons_patagonia,2021-S2,semiannual,4.200000,percent_of_persons,official,indec_poverty,https://www.indec.gob.ar/ftp/cuadros/sociedad/cuadros_informe_pobreza_03_26.xls,1bc8ace7a469fc0c4ff37cb2c624d4bd025ab18fb767386e6b8a03af3010b5d3,2026-07-11T07:14:15Z
indec_indigence_persons_patagonia,2022-S1,semiannual,4.400000,percent_of_persons,official,indec_poverty,https://www.indec.gob.ar/ftp/cuadros/sociedad/cuadros_informe_pobreza_03_26.xls,1bc8ace7a469fc0c4ff37cb2c624d4bd025ab18fb767386e6b8a03af3010b5d3,2026-07-11T07:14:15Z
indec_indigence_persons_patagonia,2022-S2,semiannual,5.300000,percent_of_persons,official,indec_poverty,https://www.indec.gob.ar/ftp/cuadros/sociedad/cuadros_informe_pobreza_03_26.xls,1bc8ace7a469fc0c4ff37cb2c624d4bd025ab18fb767386e6b8a03af3010b5d3,2026-07-11T07:14:15Z
indec_indigence_persons_patagonia,2023-S1,semiannual,5.500000,percent_of_persons,official,indec_poverty,https://www.indec.gob.ar/ftp/cuadros/sociedad/cuadros_informe_pobreza_03_26.xls,1bc8ace7a469fc0c4ff37cb2c624d4bd025ab18fb767386e6b8a03af3010b5d3,2026-07-11T07:14:15Z
indec_indigence_persons_patagonia,2023-S2,semiannual,7.200000,percent_of_persons,official,indec_poverty,https://www.indec.gob.ar/ftp/cuadros/sociedad/cuadros_informe_pobreza_03_26.xls,1bc8ace7a469fc0c4ff37cb2c624d4bd025ab18fb767386e6b8a03af3010b5d3,2026-07-11T07:14:15Z
indec_indigence_persons_patagonia,2024-S1,semiannual,11.100000,percent_of_persons,official,indec_poverty,https://www.indec.gob.ar/ftp/cuadros/sociedad/cuadros_informe_pobreza_03_26.xls,1bc8ace7a469fc0c4ff37cb2c624d4bd025ab18fb767386e6b8a03af3010b5d3,2026-07-11T07:14:15Z
indec_indigence_persons_patagonia,2024-S2,semiannual,4.500000,percent_of_persons,official,indec_poverty,https://www.indec.gob.ar/ftp/cuadros/sociedad/cuadros_informe_pobreza_03_26.xls,1bc8ace7a469fc0c4ff37cb2c624d4bd025ab18fb767386e6b8a03af3010b5d3,2026-07-11T07:14:15Z
indec_indigence_persons_patagonia,2025-S1,semiannual,3.800000,percent_of_persons,official,indec_poverty,https://www.indec.gob.ar/ftp/cuadros/sociedad/cuadros_informe_pobreza_03_26.xls,1bc8ace7a469fc0c4ff37cb2c624d4bd025ab18fb767386e6b8a03af3010b5d3,2026-07-11T07:14:15Z
indec_indigence_persons_patagonia,2025-S2,semiannual,4.000000,percent_of_persons,official,indec_poverty,https://www.indec.gob.ar/ftp/cuadros/sociedad/cuadros_informe_pobreza_03_26.xls,1bc8ace7a469fc0c4ff37cb2c624d4bd025ab18fb767386e6b8a03af3010b5d3,2026-07-11T07:14:15Z
indec_indigence_persons_total_31_agglomerates,2016-S2,semiannual,6.100000,percent_of_persons,official,indec_poverty,https://www.indec.gob.ar/ftp/cuadros/sociedad/cuadros_informe_pobreza_03_26.xls,1bc8ace7a469fc0c4ff37cb2c624d4bd025ab18fb767386e6b8a03af3010b5d3,2026-07-11T07:14:15Z
indec_indigence_persons_total_31_agglomerates,2017-S1,semiannual,6.200000,percent_of_persons,official,indec_poverty,https://www.indec.gob.ar/ftp/cuadros/sociedad/cuadros_informe_pobreza_03_26.xls,1bc8ace7a469fc0c4ff37cb2c624d4bd025ab18fb767386e6b8a03af3010b5d3,2026-07-11T07:14:15Z
indec_indigence_persons_total_31_agglomerates,2017-S2,semiannual,4.800000,percent_of_persons,official,indec_poverty,https://www.indec.gob.ar/ftp/cuadros/sociedad/cuadros_informe_pobreza_03_26.xls,1bc8ace7a469fc0c4ff37cb2c624d4bd025ab18fb767386e6b8a03af3010b5d3,2026-07-11T07:14:15Z
indec_indigence_persons_total_31_agglomerates,2018-S1,semiannual,4.900000,percent_of_persons,official,indec_poverty,https://www.indec.gob.ar/ftp/cuadros/sociedad/cuadros_informe_pobreza_03_26.xls,1bc8ace7a469fc0c4ff37cb2c624d4bd025ab18fb767386e6b8a03af3010b5d3,2026-07-11T07:14:15Z
indec_indigence_persons_total_31_agglomerates,2018-S2,semiannual,6.700000,percent_of_persons,official,indec_poverty,https://www.indec.gob.ar/ftp/cuadros/sociedad/cuadros_informe_pobreza_03_26.xls,1bc8ace7a469fc0c4ff37cb2c624d4bd025ab18fb767386e6b8a03af3010b5d3,2026-07-11T07:14:15Z
indec_indigence_persons_total_31_agglomerates,2019-S1,semiannual,7.700000,percent_of_persons,official,indec_poverty,https://www.indec.gob.ar/ftp/cuadros/sociedad/cuadros_informe_pobreza_03_26.xls,1bc8ace7a469fc0c4ff37cb2c624d4bd025ab18fb767386e6b8a03af3010b5d3,2026-07-11T07:14:15Z
indec_indigence_persons_total_31_agglomerates,2019-S2,semiannual,8.000000,percent_of_persons,official,indec_poverty,https://www.indec.gob.ar/ftp/cuadros/sociedad/cuadros_informe_pobreza_03_26.xls,1bc8ace7a469fc0c4ff37cb2c624d4bd025ab18fb767386e6b8a03af3010b5d3,2026-07-11T07:14:15Z
indec_indigence_persons_total_31_agglomerates,2020-S1,semiannual,10.500000,percent_of_persons,official,indec_poverty,https://www.indec.gob.ar/ftp/cuadros/sociedad/cuadros_informe_pobreza_03_26.xls,1bc8ace7a469fc0c4ff37cb2c624d4bd025ab18fb767386e6b8a03af3010b5d3,2026-07-11T07:14:15Z
indec_indigence_persons_total_31_agglomerates,2020-S2,semiannual,10.500000,percent_of_persons,official,indec_poverty,https://www.indec.gob.ar/ftp/cuadros/sociedad/cuadros_informe_pobreza_03_26.xls,1bc8ace7a469fc0c4ff37cb2c624d4bd025ab18fb767386e6b8a03af3010b5d3,2026-07-11T07:14:15Z
indec_indigence_persons_total_31_agglomerates,2021-S1,semiannual,10.700000,percent_of_persons,official,indec_poverty,https://www.indec.gob.ar/ftp/cuadros/sociedad/cuadros_informe_pobreza_03_26.xls,1bc8ace7a469fc0c4ff37cb2c624d4bd025ab18fb767386e6b8a03af3010b5d3,2026-07-11T07:14:15Z
indec_indigence_persons_total_31_agglomerates,2021-S2,semiannual,8.200000,percent_of_persons,official,indec_poverty,https://www.indec.gob.ar/ftp/cuadros/sociedad/cuadros_informe_pobreza_03_26.xls,1bc8ace7a469fc0c4ff37cb2c624d4bd025ab18fb767386e6b8a03af3010b5d3,2026-07-11T07:14:15Z
indec_indigence_persons_total_31_agglomerates,2022-S1,semiannual,8.800000,percent_of_persons,official,indec_poverty,https://www.indec.gob.ar/ftp/cuadros/sociedad/cuadros_informe_pobreza_03_26.xls,1bc8ace7a469fc0c4ff37cb2c624d4bd025ab18fb767386e6b8a03af3010b5d3,2026-07-11T07:14:15Z
indec_indigence_persons_total_31_agglomerates,2022-S2,semiannual,8.100000,percent_of_persons,official,indec_poverty,https://www.indec.gob.ar/ftp/cuadros/sociedad/cuadros_informe_pobreza_03_26.xls,1bc8ace7a469fc0c4ff37cb2c624d4bd025ab18fb767386e6b8a03af3010b5d3,2026-07-11T07:14:15Z
indec_indigence_persons_total_31_agglomerates,2023-S1,semiannual,9.300000,percent_of_persons,official,indec_poverty,https://www.indec.gob.ar/ftp/cuadros/sociedad/cuadros_informe_pobreza_03_26.xls,1bc8ace7a469fc0c4ff37cb2c624d4bd025ab18fb767386e6b8a03af3010b5d3,2026-07-11T07:14:15Z
indec_indigence_persons_total_31_agglomerates,2023-S2,semiannual,11.900000,percent_of_persons,official,indec_poverty,https://www.indec.gob.ar/ftp/cuadros/sociedad/cuadros_informe_pobreza_03_26.xls,1bc8ace7a469fc0c4ff37cb2c624d4bd025ab18fb767386e6b8a03af3010b5d3,2026-07-11T07:14:15Z
indec_indigence_persons_total_31_agglomerates,2024-S1,semiannual,18.100000,percent_of_persons,official,indec_poverty,https://www.indec.gob.ar/ftp/cuadros/sociedad/cuadros_informe_pobreza_03_26.xls,1bc8ace7a469fc0c4ff37cb2c624d4bd025ab18fb767386e6b8a03af3010b5d3,2026-07-11T07:14:15Z
indec_indigence_persons_total_31_agglomerates,2024-S2,semiannual,8.200000,percent_of_persons,official,indec_poverty,https://www.indec.gob.ar/ftp/cuadros/sociedad/cuadros_informe_pobreza_03_26.xls,1bc8ace7a469fc0c4ff37cb2c624d4bd025ab18fb767386e6b8a03af3010b5d3,2026-07-11T07:14:15Z
indec_indigence_persons_total_31_agglomerates,2025-S1,semiannual,6.900000,percent_of_persons,official,indec_poverty,https://www.indec.gob.ar/ftp/cuadros/sociedad/cuadros_informe_pobreza_03_26.xls,1bc8ace7a469fc0c4ff37cb2c624d4bd025ab18fb767386e6b8a03af3010b5d3,2026-07-11T07:14:15Z
indec_indigence_persons_total_31_agglomerates,2025-S2,semiannual,6.300000,percent_of_persons,official,indec_poverty,https://www.indec.gob.ar/ftp/cuadros/sociedad/cuadros_informe_pobreza_03_26.xls,1bc8ace7a469fc0c4ff37cb2c624d4bd025ab18fb767386e6b8a03af3010b5d3,2026-07-11T07:14:15Z
indec_poverty_persons_cuyo,2016-S2,semiannual,35.700000,percent_of_persons,official,indec_poverty,https://www.indec.gob.ar/ftp/cuadros/sociedad/cuadros_informe_pobreza_03_26.xls,1bc8ace7a469fc0c4ff37cb2c624d4bd025ab18fb767386e6b8a03af3010b5d3,2026-07-11T07:14:15Z
indec_poverty_persons_cuyo,2017-S1,semiannual,29.252682,percent_of_persons,official,indec_poverty,https://www.indec.gob.ar/ftp/cuadros/sociedad/cuadros_informe_pobreza_03_26.xls,1bc8ace7a469fc0c4ff37cb2c624d4bd025ab18fb767386e6b8a03af3010b5d3,2026-07-11T07:14:15Z
indec_poverty_persons_cuyo,2017-S2,semiannual,26.300000,percent_of_persons,official,indec_poverty,https://www.indec.gob.ar/ftp/cuadros/sociedad/cuadros_informe_pobreza_03_26.xls,1bc8ace7a469fc0c4ff37cb2c624d4bd025ab18fb767386e6b8a03af3010b5d3,2026-07-11T07:14:15Z
indec_poverty_persons_cuyo,2018-S1,semiannual,25.800000,percent_of_persons,official,indec_poverty,https://www.indec.gob.ar/ftp/cuadros/sociedad/cuadros_informe_pobreza_03_26.xls,1bc8ace7a469fc0c4ff37cb2c624d4bd025ab18fb767386e6b8a03af3010b5d3,2026-07-11T07:14:15Z
indec_poverty_persons_cuyo,2018-S2,semiannual,31.500000,percent_of_persons,official,indec_poverty,https://www.indec.gob.ar/ftp/cuadros/sociedad/cuadros_informe_pobreza_03_26.xls,1bc8ace7a469fc0c4ff37cb2c624d4bd025ab18fb767386e6b8a03af3010b5d3,2026-07-11T07:14:15Z
indec_poverty_persons_cuyo,2019-S1,semiannual,35.000000,percent_of_persons,official,indec_poverty,https://www.indec.gob.ar/ftp/cuadros/sociedad/cuadros_informe_pobreza_03_26.xls,1bc8ace7a469fc0c4ff37cb2c624d4bd025ab18fb767386e6b8a03af3010b5d3,2026-07-11T07:14:15Z
indec_poverty_persons_cuyo,2019-S2,semiannual,36.300000,percent_of_persons,official,indec_poverty,https://www.indec.gob.ar/ftp/cuadros/sociedad/cuadros_informe_pobreza_03_26.xls,1bc8ace7a469fc0c4ff37cb2c624d4bd025ab18fb767386e6b8a03af3010b5d3,2026-07-11T07:14:15Z
indec_poverty_persons_cuyo,2020-S1,semiannual,39.500000,percent_of_persons,official,indec_poverty,https://www.indec.gob.ar/ftp/cuadros/sociedad/cuadros_informe_pobreza_03_26.xls,1bc8ace7a469fc0c4ff37cb2c624d4bd025ab18fb767386e6b8a03af3010b5d3,2026-07-11T07:14:15Z
indec_poverty_persons_cuyo,2020-S2,semiannual,40.800000,percent_of_persons,official,indec_poverty,https://www.indec.gob.ar/ftp/cuadros/sociedad/cuadros_informe_pobreza_03_26.xls,1bc8ace7a469fc0c4ff37cb2c624d4bd025ab18fb767386e6b8a03af3010b5d3,2026-07-11T07:14:15Z
indec_poverty_persons_cuyo,2021-S1,semiannual,41.500000,percent_of_persons,official,indec_poverty,https://www.indec.gob.ar/ftp/cuadros/sociedad/cuadros_informe_pobreza_03_26.xls,1bc8ace7a469fc0c4ff37cb2c624d4bd025ab18fb767386e6b8a03af3010b5d3,2026-07-11T07:14:15Z
indec_poverty_persons_cuyo,2021-S2,semiannual,42.700000,percent_of_persons,official,indec_poverty,https://www.indec.gob.ar/ftp/cuadros/sociedad/cuadros_informe_pobreza_03_26.xls,1bc8ace7a469fc0c4ff37cb2c624d4bd025ab18fb767386e6b8a03af3010b5d3,2026-07-11T07:14:15Z
indec_poverty_persons_cuyo,2022-S1,semiannual,37.000000,percent_of_persons,official,indec_poverty,https://www.indec.gob.ar/ftp/cuadros/sociedad/cuadros_informe_pobreza_03_26.xls,1bc8ace7a469fc0c4ff37cb2c624d4bd025ab18fb767386e6b8a03af3010b5d3,2026-07-11T07:14:15Z
indec_poverty_persons_cuyo,2022-S2,semiannual,39.600000,percent_of_persons,official,indec_poverty,https://www.indec.gob.ar/ftp/cuadros/sociedad/cuadros_informe_pobreza_03_26.xls,1bc8ace7a469fc0c4ff37cb2c624d4bd025ab18fb767386e6b8a03af3010b5d3,2026-07-11T07:14:15Z
indec_poverty_persons_cuyo,2023-S1,semiannual,40.700000,percent_of_persons,official,indec_poverty,https://www.indec.gob.ar/ftp/cuadros/sociedad/cuadros_informe_pobreza_03_26.xls,1bc8ace7a469fc0c4ff37cb2c624d4bd025ab18fb767386e6b8a03af3010b5d3,2026-07-11T07:14:15Z
indec_poverty_persons_cuyo,2023-S2,semiannual,44.000000,percent_of_persons,official,indec_poverty,https://www.indec.gob.ar/ftp/cuadros/sociedad/cuadros_informe_pobreza_03_26.xls,1bc8ace7a469fc0c4ff37cb2c624d4bd025ab18fb767386e6b8a03af3010b5d3,2026-07-11T07:14:15Z
indec_poverty_persons_cuyo,2024-S1,semiannual,52.300000,percent_of_persons,official,indec_poverty,https://www.indec.gob.ar/ftp/cuadros/sociedad/cuadros_informe_pobreza_03_26.xls,1bc8ace7a469fc0c4ff37cb2c624d4bd025ab18fb767386e6b8a03af3010b5d3,2026-07-11T07:14:15Z
indec_poverty_persons_cuyo,2024-S2,semiannual,41.900000,percent_of_persons,official,indec_poverty,https://www.indec.gob.ar/ftp/cuadros/sociedad/cuadros_informe_pobreza_03_26.xls,1bc8ace7a469fc0c4ff37cb2c624d4bd025ab18fb767386e6b8a03af3010b5d3,2026-07-11T07:14:15Z
indec_poverty_persons_cuyo,2025-S1,semiannual,33.800000,percent_of_persons,official,indec_poverty,https://www.indec.gob.ar/ftp/cuadros/sociedad/cuadros_informe_pobreza_03_26.xls,1bc8ace7a469fc0c4ff37cb2c624d4bd025ab18fb767386e6b8a03af3010b5d3,2026-07-11T07:14:15Z
indec_poverty_persons_cuyo,2025-S2,semiannual,32.300000,percent_of_persons,official,indec_poverty,https://www.indec.gob.ar/ftp/cuadros/sociedad/cuadros_informe_pobreza_03_26.xls,1bc8ace7a469fc0c4ff37cb2c624d4bd025ab18fb767386e6b8a03af3010b5d3,2026-07-11T07:14:15Z
indec_poverty_persons_greater_buenos_aires,2016-S2,semiannual,29.600000,percent_of_persons,official,indec_poverty,https://www.indec.gob.ar/ftp/cuadros/sociedad/cuadros_informe_pobreza_03_26.xls,1bc8ace7a469fc0c4ff37cb2c624d4bd025ab18fb767386e6b8a03af3010b5d3,2026-07-11T07:14:15Z
indec_poverty_persons_greater_buenos_aires,2017-S1,semiannual,28.823400,percent_of_persons,official,indec_poverty,https://www.indec.gob.ar/ftp/cuadros/sociedad/cuadros_informe_pobreza_03_26.xls,1bc8ace7a469fc0c4ff37cb2c624d4bd025ab18fb767386e6b8a03af3010b5d3,2026-07-11T07:14:15Z
indec_poverty_persons_greater_buenos_aires,2017-S2,semiannual,25.500000,percent_of_persons,official,indec_poverty,https://www.indec.gob.ar/ftp/cuadros/sociedad/cuadros_informe_pobreza_03_26.xls,1bc8ace7a469fc0c4ff37cb2c624d4bd025ab18fb767386e6b8a03af3010b5d3,2026-07-11T07:14:15Z
indec_poverty_persons_greater_buenos_aires,2018-S1,semiannual,27.800000,percent_of_persons,official,indec_poverty,https://www.indec.gob.ar/ftp/cuadros/sociedad/cuadros_informe_pobreza_03_26.xls,1bc8ace7a469fc0c4ff37cb2c624d4bd025ab18fb767386e6b8a03af3010b5d3,2026-07-11T07:14:15Z
indec_poverty_persons_greater_buenos_aires,2018-S2,semiannual,31.300000,percent_of_persons,official,indec_poverty,https://www.indec.gob.ar/ftp/cuadros/sociedad/cuadros_informe_pobreza_03_26.xls,1bc8ace7a469fc0c4ff37cb2c624d4bd025ab18fb767386e6b8a03af3010b5d3,2026-07-11T07:14:15Z
indec_poverty_persons_greater_buenos_aires,2019-S1,semiannual,34.800000,percent_of_persons,official,indec_poverty,https://www.indec.gob.ar/ftp/cuadros/sociedad/cuadros_informe_pobreza_03_26.xls,1bc8ace7a469fc0c4ff37cb2c624d4bd025ab18fb767386e6b8a03af3010b5d3,2026-07-11T07:14:15Z
indec_poverty_persons_greater_buenos_aires,2019-S2,semiannual,35.200000,percent_of_persons,official,indec_poverty,https://www.indec.gob.ar/ftp/cuadros/sociedad/cuadros_informe_pobreza_03_26.xls,1bc8ace7a469fc0c4ff37cb2c624d4bd025ab18fb767386e6b8a03af3010b5d3,2026-07-11T07:14:15Z
indec_poverty_persons_greater_buenos_aires,2020-S1,semiannual,41.600000,percent_of_persons,official,indec_poverty,https://www.indec.gob.ar/ftp/cuadros/sociedad/cuadros_informe_pobreza_03_26.xls,1bc8ace7a469fc0c4ff37cb2c624d4bd025ab18fb767386e6b8a03af3010b5d3,2026-07-11T07:14:15Z
indec_poverty_persons_greater_buenos_aires,2020-S2,semiannual,44.300000,percent_of_persons,official,indec_poverty,https://www.indec.gob.ar/ftp/cuadros/sociedad/cuadros_informe_pobreza_03_26.xls,1bc8ace7a469fc0c4ff37cb2c624d4bd025ab18fb767386e6b8a03af3010b5d3,2026-07-11T07:14:15Z
indec_poverty_persons_greater_buenos_aires,2021-S1,semiannual,39.200000,percent_of_persons,official,indec_poverty,https://www.indec.gob.ar/ftp/cuadros/sociedad/cuadros_informe_pobreza_03_26.xls,1bc8ace7a469fc0c4ff37cb2c624d4bd025ab18fb767386e6b8a03af3010b5d3,2026-07-11T07:14:15Z
indec_poverty_persons_greater_buenos_aires,2021-S2,semiannual,37.300000,percent_of_persons,official,indec_poverty,https://www.indec.gob.ar/ftp/cuadros/sociedad/cuadros_informe_pobreza_03_26.xls,1bc8ace7a469fc0c4ff37cb2c624d4bd025ab18fb767386e6b8a03af3010b5d3,2026-07-11T07:14:15Z
indec_poverty_persons_greater_buenos_aires,2022-S1,semiannual,37.000000,percent_of_persons,official,indec_poverty,https://www.indec.gob.ar/ftp/cuadros/sociedad/cuadros_informe_pobreza_03_26.xls,1bc8ace7a469fc0c4ff37cb2c624d4bd025ab18fb767386e6b8a03af3010b5d3,2026-07-11T07:14:15Z
indec_poverty_persons_greater_buenos_aires,2022-S2,semiannual,39.500000,percent_of_persons,official,indec_poverty,https://www.indec.gob.ar/ftp/cuadros/sociedad/cuadros_informe_pobreza_03_26.xls,1bc8ace7a469fc0c4ff37cb2c624d4bd025ab18fb767386e6b8a03af3010b5d3,2026-07-11T07:14:15Z
indec_poverty_persons_greater_buenos_aires,2023-S1,semiannual,41.400000,percent_of_persons,official,indec_poverty,https://www.indec.gob.ar/ftp/cuadros/sociedad/cuadros_informe_pobreza_03_26.xls,1bc8ace7a469fc0c4ff37cb2c624d4bd025ab18fb767386e6b8a03af3010b5d3,2026-07-11T07:14:15Z
indec_poverty_persons_greater_buenos_aires,2023-S2,semiannual,41.000000,percent_of_persons,official,indec_poverty,https://www.indec.gob.ar/ftp/cuadros/sociedad/cuadros_informe_pobreza_03_26.xls,1bc8ace7a469fc0c4ff37cb2c624d4bd025ab18fb767386e6b8a03af3010b5d3,2026-07-11T07:14:15Z
indec_poverty_persons_greater_buenos_aires,2024-S1,semiannual,52.800000,percent_of_persons,official,indec_poverty,https://www.indec.gob.ar/ftp/cuadros/sociedad/cuadros_informe_pobreza_03_26.xls,1bc8ace7a469fc0c4ff37cb2c624d4bd025ab18fb767386e6b8a03af3010b5d3,2026-07-11T07:14:15Z
indec_poverty_persons_greater_buenos_aires,2024-S2,semiannual,37.300000,percent_of_persons,official,indec_poverty,https://www.indec.gob.ar/ftp/cuadros/sociedad/cuadros_informe_pobreza_03_26.xls,1bc8ace7a469fc0c4ff37cb2c624d4bd025ab18fb767386e6b8a03af3010b5d3,2026-07-11T07:14:15Z
indec_poverty_persons_greater_buenos_aires,2025-S1,semiannual,31.500000,percent_of_persons,official,indec_poverty,https://www.indec.gob.ar/ftp/cuadros/sociedad/cuadros_informe_pobreza_03_26.xls,1bc8ace7a469fc0c4ff37cb2c624d4bd025ab18fb767386e6b8a03af3010b5d3,2026-07-11T07:14:15Z
indec_poverty_persons_greater_buenos_aires,2025-S2,semiannual,28.300000,percent_of_persons,official,indec_poverty,https://www.indec.gob.ar/ftp/cuadros/sociedad/cuadros_informe_pobreza_03_26.xls,1bc8ace7a469fc0c4ff37cb2c624d4bd025ab18fb767386e6b8a03af3010b5d3,2026-07-11T07:14:15Z
indec_poverty_persons_northeast,2016-S2,semiannual,33.000000,percent_of_persons,official,indec_poverty,https://www.indec.gob.ar/ftp/cuadros/sociedad/cuadros_informe_pobreza_03_26.xls,1bc8ace7a469fc0c4ff37cb2c624d4bd025ab18fb767386e6b8a03af3010b5d3,2026-07-11T07:14:15Z
indec_poverty_persons_northeast,2017-S1,semiannual,33.572950,percent_of_persons,official,indec_poverty,https://www.indec.gob.ar/ftp/cuadros/sociedad/cuadros_informe_pobreza_03_26.xls,1bc8ace7a469fc0c4ff37cb2c624d4bd025ab18fb767386e6b8a03af3010b5d3,2026-07-11T07:14:15Z
indec_poverty_persons_northeast,2017-S2,semiannual,33.200000,percent_of_persons,official,indec_poverty,https://www.indec.gob.ar/ftp/cuadros/sociedad/cuadros_informe_pobreza_03_26.xls,1bc8ace7a469fc0c4ff37cb2c624d4bd025ab18fb767386e6b8a03af3010b5d3,2026-07-11T07:14:15Z
indec_poverty_persons_northeast,2018-S1,semiannual,30.200000,percent_of_persons,official,indec_poverty,https://www.indec.gob.ar/ftp/cuadros/sociedad/cuadros_informe_pobreza_03_26.xls,1bc8ace7a469fc0c4ff37cb2c624d4bd025ab18fb767386e6b8a03af3010b5d3,2026-07-11T07:14:15Z
indec_poverty_persons_northeast,2018-S2,semiannual,40.400000,percent_of_persons,official,indec_poverty,https://www.indec.gob.ar/ftp/cuadros/sociedad/cuadros_informe_pobreza_03_26.xls,1bc8ace7a469fc0c4ff37cb2c624d4bd025ab18fb767386e6b8a03af3010b5d3,2026-07-11T07:14:15Z
indec_poverty_persons_northeast,2019-S1,semiannual,42.400000,percent_of_persons,official,indec_poverty,https://www.indec.gob.ar/ftp/cuadros/sociedad/cuadros_informe_pobreza_03_26.xls,1bc8ace7a469fc0c4ff37cb2c624d4bd025ab18fb767386e6b8a03af3010b5d3,2026-07-11T07:14:15Z
indec_poverty_persons_northeast,2019-S2,semiannual,40.100000,percent_of_persons,official,indec_poverty,https://www.indec.gob.ar/ftp/cuadros/sociedad/cuadros_informe_pobreza_03_26.xls,1bc8ace7a469fc0c4ff37cb2c624d4bd025ab18fb767386e6b8a03af3010b5d3,2026-07-11T07:14:15Z
indec_poverty_persons_northeast,2020-S1,semiannual,42.800000,percent_of_persons,official,indec_poverty,https://www.indec.gob.ar/ftp/cuadros/sociedad/cuadros_informe_pobreza_03_26.xls,1bc8ace7a469fc0c4ff37cb2c624d4bd025ab18fb767386e6b8a03af3010b5d3,2026-07-11T07:14:15Z
indec_poverty_persons_northeast,2020-S2,semiannual,43.500000,percent_of_persons,official,indec_poverty,https://www.indec.gob.ar/ftp/cuadros/sociedad/cuadros_informe_pobreza_03_26.xls,1bc8ace7a469fc0c4ff37cb2c624d4bd025ab18fb767386e6b8a03af3010b5d3,2026-07-11T07:14:15Z
indec_poverty_persons_northeast,2021-S1,semiannual,45.400000,percent_of_persons,official,indec_poverty,https://www.indec.gob.ar/ftp/cuadros/sociedad/cuadros_informe_pobreza_03_26.xls,1bc8ace7a469fc0c4ff37cb2c624d4bd025ab18fb767386e6b8a03af3010b5d3,2026-07-11T07:14:15Z
indec_poverty_persons_northeast,2021-S2,semiannual,39.400000,percent_of_persons,official,indec_poverty,https://www.indec.gob.ar/ftp/cuadros/sociedad/cuadros_informe_pobreza_03_26.xls,1bc8ace7a469fc0c4ff37cb2c624d4bd025ab18fb767386e6b8a03af3010b5d3,2026-07-11T07:14:15Z
indec_poverty_persons_northeast,2022-S1,semiannual,36.700000,percent_of_persons,official,indec_poverty,https://www.indec.gob.ar/ftp/cuadros/sociedad/cuadros_informe_pobreza_03_26.xls,1bc8ace7a469fc0c4ff37cb2c624d4bd025ab18fb767386e6b8a03af3010b5d3,2026-07-11T07:14:15Z
indec_poverty_persons_northeast,2022-S2,semiannual,43.600000,percent_of_persons,official,indec_poverty,https://www.indec.gob.ar/ftp/cuadros/sociedad/cuadros_informe_pobreza_03_26.xls,1bc8ace7a469fc0c4ff37cb2c624d4bd025ab18fb767386e6b8a03af3010b5d3,2026-07-11T07:14:15Z
indec_poverty_persons_northeast,2023-S1,semiannual,42.000000,percent_of_persons,official,indec_poverty,https://www.indec.gob.ar/ftp/cuadros/sociedad/cuadros_informe_pobreza_03_26.xls,1bc8ace7a469fc0c4ff37cb2c624d4bd025ab18fb767386e6b8a03af3010b5d3,2026-07-11T07:14:15Z
indec_poverty_persons_northeast,2023-S2,semiannual,48.400000,percent_of_persons,official,indec_poverty,https://www.indec.gob.ar/ftp/cuadros/sociedad/cuadros_informe_pobreza_03_26.xls,1bc8ace7a469fc0c4ff37cb2c624d4bd025ab18fb767386e6b8a03af3010b5d3,2026-07-11T07:14:15Z
indec_poverty_persons_northeast,2024-S1,semiannual,62.900000,percent_of_persons,official,indec_poverty,https://www.indec.gob.ar/ftp/cuadros/sociedad/cuadros_informe_pobreza_03_26.xls,1bc8ace7a469fc0c4ff37cb2c624d4bd025ab18fb767386e6b8a03af3010b5d3,2026-07-11T07:14:15Z
indec_poverty_persons_northeast,2024-S2,semiannual,47.000000,percent_of_persons,official,indec_poverty,https://www.indec.gob.ar/ftp/cuadros/sociedad/cuadros_informe_pobreza_03_26.xls,1bc8ace7a469fc0c4ff37cb2c624d4bd025ab18fb767386e6b8a03af3010b5d3,2026-07-11T07:14:15Z
indec_poverty_persons_northeast,2025-S1,semiannual,39.000000,percent_of_persons,official,indec_poverty,https://www.indec.gob.ar/ftp/cuadros/sociedad/cuadros_informe_pobreza_03_26.xls,1bc8ace7a469fc0c4ff37cb2c624d4bd025ab18fb767386e6b8a03af3010b5d3,2026-07-11T07:14:15Z
indec_poverty_persons_northeast,2025-S2,semiannual,32.700000,percent_of_persons,official,indec_poverty,https://www.indec.gob.ar/ftp/cuadros/sociedad/cuadros_informe_pobreza_03_26.xls,1bc8ace7a469fc0c4ff37cb2c624d4bd025ab18fb767386e6b8a03af3010b5d3,2026-07-11T07:14:15Z
indec_poverty_persons_northwest,2016-S2,semiannual,31.600000,percent_of_persons,official,indec_poverty,https://www.indec.gob.ar/ftp/cuadros/sociedad/cuadros_informe_pobreza_03_26.xls,1bc8ace7a469fc0c4ff37cb2c624d4bd025ab18fb767386e6b8a03af3010b5d3,2026-07-11T07:14:15Z
indec_poverty_persons_northwest,2017-S1,semiannual,28.241097,percent_of_persons,official,indec_poverty,https://www.indec.gob.ar/ftp/cuadros/sociedad/cuadros_informe_pobreza_03_26.xls,1bc8ace7a469fc0c4ff37cb2c624d4bd025ab18fb767386e6b8a03af3010b5d3,2026-07-11T07:14:15Z
indec_poverty_persons_northwest,2017-S2,semiannual,25.400000,percent_of_persons,official,indec_poverty,https://www.indec.gob.ar/ftp/cuadros/sociedad/cuadros_informe_pobreza_03_26.xls,1bc8ace7a469fc0c4ff37cb2c624d4bd025ab18fb767386e6b8a03af3010b5d3,2026-07-11T07:14:15Z
indec_poverty_persons_northwest,2018-S1,semiannual,28.600000,percent_of_persons,official,indec_poverty,https://www.indec.gob.ar/ftp/cuadros/sociedad/cuadros_informe_pobreza_03_26.xls,1bc8ace7a469fc0c4ff37cb2c624d4bd025ab18fb767386e6b8a03af3010b5d3,2026-07-11T07:14:15Z
indec_poverty_persons_northwest,2018-S2,semiannual,34.500000,percent_of_persons,official,indec_poverty,https://www.indec.gob.ar/ftp/cuadros/sociedad/cuadros_informe_pobreza_03_26.xls,1bc8ace7a469fc0c4ff37cb2c624d4bd025ab18fb767386e6b8a03af3010b5d3,2026-07-11T07:14:15Z
indec_poverty_persons_northwest,2019-S1,semiannual,39.900000,percent_of_persons,official,indec_poverty,https://www.indec.gob.ar/ftp/cuadros/sociedad/cuadros_informe_pobreza_03_26.xls,1bc8ace7a469fc0c4ff37cb2c624d4bd025ab18fb767386e6b8a03af3010b5d3,2026-07-11T07:14:15Z
indec_poverty_persons_northwest,2019-S2,semiannual,40.700000,percent_of_persons,official,indec_poverty,https://www.indec.gob.ar/ftp/cuadros/sociedad/cuadros_informe_pobreza_03_26.xls,1bc8ace7a469fc0c4ff37cb2c624d4bd025ab18fb767386e6b8a03af3010b5d3,2026-07-11T07:14:15Z
indec_poverty_persons_northwest,2020-S1,semiannual,40.700000,percent_of_persons,official,indec_poverty,https://www.indec.gob.ar/ftp/cuadros/sociedad/cuadros_informe_pobreza_03_26.xls,1bc8ace7a469fc0c4ff37cb2c624d4bd025ab18fb767386e6b8a03af3010b5d3,2026-07-11T07:14:15Z
indec_poverty_persons_northwest,2020-S2,semiannual,40.400000,percent_of_persons,official,indec_poverty,https://www.indec.gob.ar/ftp/cuadros/sociedad/cuadros_informe_pobreza_03_26.xls,1bc8ace7a469fc0c4ff37cb2c624d4bd025ab18fb767386e6b8a03af3010b5d3,2026-07-11T07:14:15Z
indec_poverty_persons_northwest,2021-S1,semiannual,44.700000,percent_of_persons,official,indec_poverty,https://www.indec.gob.ar/ftp/cuadros/sociedad/cuadros_informe_pobreza_03_26.xls,1bc8ace7a469fc0c4ff37cb2c624d4bd025ab18fb767386e6b8a03af3010b5d3,2026-07-11T07:14:15Z
indec_poverty_persons_northwest,2021-S2,semiannual,39.200000,percent_of_persons,official,indec_poverty,https://www.indec.gob.ar/ftp/cuadros/sociedad/cuadros_informe_pobreza_03_26.xls,1bc8ace7a469fc0c4ff37cb2c624d4bd025ab18fb767386e6b8a03af3010b5d3,2026-07-11T07:14:15Z
indec_poverty_persons_northwest,2022-S1,semiannual,36.000000,percent_of_persons,official,indec_poverty,https://www.indec.gob.ar/ftp/cuadros/sociedad/cuadros_informe_pobreza_03_26.xls,1bc8ace7a469fc0c4ff37cb2c624d4bd025ab18fb767386e6b8a03af3010b5d3,2026-07-11T07:14:15Z
indec_poverty_persons_northwest,2022-S2,semiannual,43.100000,percent_of_persons,official,indec_poverty,https://www.indec.gob.ar/ftp/cuadros/sociedad/cuadros_informe_pobreza_03_26.xls,1bc8ace7a469fc0c4ff37cb2c624d4bd025ab18fb767386e6b8a03af3010b5d3,2026-07-11T07:14:15Z
indec_poverty_persons_northwest,2023-S1,semiannual,41.000000,percent_of_persons,official,indec_poverty,https://www.indec.gob.ar/ftp/cuadros/sociedad/cuadros_informe_pobreza_03_26.xls,1bc8ace7a469fc0c4ff37cb2c624d4bd025ab18fb767386e6b8a03af3010b5d3,2026-07-11T07:14:15Z
indec_poverty_persons_northwest,2023-S2,semiannual,45.600000,percent_of_persons,official,indec_poverty,https://www.indec.gob.ar/ftp/cuadros/sociedad/cuadros_informe_pobreza_03_26.xls,1bc8ace7a469fc0c4ff37cb2c624d4bd025ab18fb767386e6b8a03af3010b5d3,2026-07-11T07:14:15Z
indec_poverty_persons_northwest,2024-S1,semiannual,57.000000,percent_of_persons,official,indec_poverty,https://www.indec.gob.ar/ftp/cuadros/sociedad/cuadros_informe_pobreza_03_26.xls,1bc8ace7a469fc0c4ff37cb2c624d4bd025ab18fb767386e6b8a03af3010b5d3,2026-07-11T07:14:15Z
indec_poverty_persons_northwest,2024-S2,semiannual,42.800000,percent_of_persons,official,indec_poverty,https://www.indec.gob.ar/ftp/cuadros/sociedad/cuadros_informe_pobreza_03_26.xls,1bc8ace7a469fc0c4ff37cb2c624d4bd025ab18fb767386e6b8a03af3010b5d3,2026-07-11T07:14:15Z
indec_poverty_persons_northwest,2025-S1,semiannual,31.200000,percent_of_persons,official,indec_poverty,https://www.indec.gob.ar/ftp/cuadros/sociedad/cuadros_informe_pobreza_03_26.xls,1bc8ace7a469fc0c4ff37cb2c624d4bd025ab18fb767386e6b8a03af3010b5d3,2026-07-11T07:14:15Z
indec_poverty_persons_northwest,2025-S2,semiannual,28.400000,percent_of_persons,official,indec_poverty,https://www.indec.gob.ar/ftp/cuadros/sociedad/cuadros_informe_pobreza_03_26.xls,1bc8ace7a469fc0c4ff37cb2c624d4bd025ab18fb767386e6b8a03af3010b5d3,2026-07-11T07:14:15Z
indec_poverty_persons_pampean,2016-S2,semiannual,30.500000,percent_of_persons,official,indec_poverty,https://www.indec.gob.ar/ftp/cuadros/sociedad/cuadros_informe_pobreza_03_26.xls,1bc8ace7a469fc0c4ff37cb2c624d4bd025ab18fb767386e6b8a03af3010b5d3,2026-07-11T07:14:15Z
indec_poverty_persons_pampean,2017-S1,semiannual,27.952627,percent_of_persons,official,indec_poverty,https://www.indec.gob.ar/ftp/cuadros/sociedad/cuadros_informe_pobreza_03_26.xls,1bc8ace7a469fc0c4ff37cb2c624d4bd025ab18fb767386e6b8a03af3010b5d3,2026-07-11T07:14:15Z
indec_poverty_persons_pampean,2017-S2,semiannual,25.400000,percent_of_persons,official,indec_poverty,https://www.indec.gob.ar/ftp/cuadros/sociedad/cuadros_informe_pobreza_03_26.xls,1bc8ace7a469fc0c4ff37cb2c624d4bd025ab18fb767386e6b8a03af3010b5d3,2026-07-11T07:14:15Z
indec_poverty_persons_pampean,2018-S1,semiannual,26.600000,percent_of_persons,official,indec_poverty,https://www.indec.gob.ar/ftp/cuadros/sociedad/cuadros_informe_pobreza_03_26.xls,1bc8ace7a469fc0c4ff37cb2c624d4bd025ab18fb767386e6b8a03af3010b5d3,2026-07-11T07:14:15Z
indec_poverty_persons_pampean,2018-S2,semiannual,32.100000,percent_of_persons,official,indec_poverty,https://www.indec.gob.ar/ftp/cuadros/sociedad/cuadros_informe_pobreza_03_26.xls,1bc8ace7a469fc0c4ff37cb2c624d4bd025ab18fb767386e6b8a03af3010b5d3,2026-07-11T07:14:15Z
indec_poverty_persons_pampean,2019-S1,semiannual,34.700000,percent_of_persons,official,indec_poverty,https://www.indec.gob.ar/ftp/cuadros/sociedad/cuadros_informe_pobreza_03_26.xls,1bc8ace7a469fc0c4ff37cb2c624d4bd025ab18fb767386e6b8a03af3010b5d3,2026-07-11T07:14:15Z
indec_poverty_persons_pampean,2019-S2,semiannual,33.700000,percent_of_persons,official,indec_poverty,https://www.indec.gob.ar/ftp/cuadros/sociedad/cuadros_informe_pobreza_03_26.xls,1bc8ace7a469fc0c4ff37cb2c624d4bd025ab18fb767386e6b8a03af3010b5d3,2026-07-11T07:14:15Z
indec_poverty_persons_pampean,2020-S1,semiannual,39.800000,percent_of_persons,official,indec_poverty,https://www.indec.gob.ar/ftp/cuadros/sociedad/cuadros_informe_pobreza_03_26.xls,1bc8ace7a469fc0c4ff37cb2c624d4bd025ab18fb767386e6b8a03af3010b5d3,2026-07-11T07:14:15Z
indec_poverty_persons_pampean,2020-S2,semiannual,38.200000,percent_of_persons,official,indec_poverty,https://www.indec.gob.ar/ftp/cuadros/sociedad/cuadros_informe_pobreza_03_26.xls,1bc8ace7a469fc0c4ff37cb2c624d4bd025ab18fb767386e6b8a03af3010b5d3,2026-07-11T07:14:15Z
indec_poverty_persons_pampean,2021-S1,semiannual,42.100000,percent_of_persons,official,indec_poverty,https://www.indec.gob.ar/ftp/cuadros/sociedad/cuadros_informe_pobreza_03_26.xls,1bc8ace7a469fc0c4ff37cb2c624d4bd025ab18fb767386e6b8a03af3010b5d3,2026-07-11T07:14:15Z
indec_poverty_persons_pampean,2021-S2,semiannual,35.300000,percent_of_persons,official,indec_poverty,https://www.indec.gob.ar/ftp/cuadros/sociedad/cuadros_informe_pobreza_03_26.xls,1bc8ace7a469fc0c4ff37cb2c624d4bd025ab18fb767386e6b8a03af3010b5d3,2026-07-11T07:14:15Z
indec_poverty_persons_pampean,2022-S1,semiannual,36.300000,percent_of_persons,official,indec_poverty,https://www.indec.gob.ar/ftp/cuadros/sociedad/cuadros_informe_pobreza_03_26.xls,1bc8ace7a469fc0c4ff37cb2c624d4bd025ab18fb767386e6b8a03af3010b5d3,2026-07-11T07:14:15Z
indec_poverty_persons_pampean,2022-S2,semiannual,36.300000,percent_of_persons,official,indec_poverty,https://www.indec.gob.ar/ftp/cuadros/sociedad/cuadros_informe_pobreza_03_26.xls,1bc8ace7a469fc0c4ff37cb2c624d4bd025ab18fb767386e6b8a03af3010b5d3,2026-07-11T07:14:15Z
indec_poverty_persons_pampean,2023-S1,semiannual,36.800000,percent_of_persons,official,indec_poverty,https://www.indec.gob.ar/ftp/cuadros/sociedad/cuadros_informe_pobreza_03_26.xls,1bc8ace7a469fc0c4ff37cb2c624d4bd025ab18fb767386e6b8a03af3010b5d3,2026-07-11T07:14:15Z
indec_poverty_persons_pampean,2023-S2,semiannual,40.400000,percent_of_persons,official,indec_poverty,https://www.indec.gob.ar/ftp/cuadros/sociedad/cuadros_informe_pobreza_03_26.xls,1bc8ace7a469fc0c4ff37cb2c624d4bd025ab18fb767386e6b8a03af3010b5d3,2026-07-11T07:14:15Z
indec_poverty_persons_pampean,2024-S1,semiannual,49.900000,percent_of_persons,official,indec_poverty,https://www.indec.gob.ar/ftp/cuadros/sociedad/cuadros_informe_pobreza_03_26.xls,1bc8ace7a469fc0c4ff37cb2c624d4bd025ab18fb767386e6b8a03af3010b5d3,2026-07-11T07:14:15Z
indec_poverty_persons_pampean,2024-S2,semiannual,35.600000,percent_of_persons,official,indec_poverty,https://www.indec.gob.ar/ftp/cuadros/sociedad/cuadros_informe_pobreza_03_26.xls,1bc8ace7a469fc0c4ff37cb2c624d4bd025ab18fb767386e6b8a03af3010b5d3,2026-07-11T07:14:15Z
indec_poverty_persons_pampean,2025-S1,semiannual,30.500000,percent_of_persons,official,indec_poverty,https://www.indec.gob.ar/ftp/cuadros/sociedad/cuadros_informe_pobreza_03_26.xls,1bc8ace7a469fc0c4ff37cb2c624d4bd025ab18fb767386e6b8a03af3010b5d3,2026-07-11T07:14:15Z
indec_poverty_persons_pampean,2025-S2,semiannual,26.200000,percent_of_persons,official,indec_poverty,https://www.indec.gob.ar/ftp/cuadros/sociedad/cuadros_informe_pobreza_03_26.xls,1bc8ace7a469fc0c4ff37cb2c624d4bd025ab18fb767386e6b8a03af3010b5d3,2026-07-11T07:14:15Z
indec_poverty_persons_patagonia,2016-S2,semiannual,23.700000,percent_of_persons,official,indec_poverty,https://www.indec.gob.ar/ftp/cuadros/sociedad/cuadros_informe_pobreza_03_26.xls,1bc8ace7a469fc0c4ff37cb2c624d4bd025ab18fb767386e6b8a03af3010b5d3,2026-07-11T07:14:15Z
indec_poverty_persons_patagonia,2017-S1,semiannual,20.992642,percent_of_persons,official,indec_poverty,https://www.indec.gob.ar/ftp/cuadros/sociedad/cuadros_informe_pobreza_03_26.xls,1bc8ace7a469fc0c4ff37cb2c624d4bd025ab18fb767386e6b8a03af3010b5d3,2026-07-11T07:14:15Z
indec_poverty_persons_patagonia,2017-S2,semiannual,18.900000,percent_of_persons,official,indec_poverty,https://www.indec.gob.ar/ftp/cuadros/sociedad/cuadros_informe_pobreza_03_26.xls,1bc8ace7a469fc0c4ff37cb2c624d4bd025ab18fb767386e6b8a03af3010b5d3,2026-07-11T07:14:15Z
indec_poverty_persons_patagonia,2018-S1,semiannual,20.300000,percent_of_persons,official,indec_poverty,https://www.indec.gob.ar/ftp/cuadros/sociedad/cuadros_informe_pobreza_03_26.xls,1bc8ace7a469fc0c4ff37cb2c624d4bd025ab18fb767386e6b8a03af3010b5d3,2026-07-11T07:14:15Z
indec_poverty_persons_patagonia,2018-S2,semiannual,24.900000,percent_of_persons,official,indec_poverty,https://www.indec.gob.ar/ftp/cuadros/sociedad/cuadros_informe_pobreza_03_26.xls,1bc8ace7a469fc0c4ff37cb2c624d4bd025ab18fb767386e6b8a03af3010b5d3,2026-07-11T07:14:15Z
indec_poverty_persons_patagonia,2019-S1,semiannual,28.500000,percent_of_persons,official,indec_poverty,https://www.indec.gob.ar/ftp/cuadros/sociedad/cuadros_informe_pobreza_03_26.xls,1bc8ace7a469fc0c4ff37cb2c624d4bd025ab18fb767386e6b8a03af3010b5d3,2026-07-11T07:14:15Z
indec_poverty_persons_patagonia,2019-S2,semiannual,30.000000,percent_of_persons,official,indec_poverty,https://www.indec.gob.ar/ftp/cuadros/sociedad/cuadros_informe_pobreza_03_26.xls,1bc8ace7a469fc0c4ff37cb2c624d4bd025ab18fb767386e6b8a03af3010b5d3,2026-07-11T07:14:15Z
indec_poverty_persons_patagonia,2020-S1,semiannual,37.000000,percent_of_persons,official,indec_poverty,https://www.indec.gob.ar/ftp/cuadros/sociedad/cuadros_informe_pobreza_03_26.xls,1bc8ace7a469fc0c4ff37cb2c624d4bd025ab18fb767386e6b8a03af3010b5d3,2026-07-11T07:14:15Z
indec_poverty_persons_patagonia,2020-S2,semiannual,35.200000,percent_of_persons,official,indec_poverty,https://www.indec.gob.ar/ftp/cuadros/sociedad/cuadros_informe_pobreza_03_26.xls,1bc8ace7a469fc0c4ff37cb2c624d4bd025ab18fb767386e6b8a03af3010b5d3,2026-07-11T07:14:15Z
indec_poverty_persons_patagonia,2021-S1,semiannual,34.400000,percent_of_persons,official,indec_poverty,https://www.indec.gob.ar/ftp/cuadros/sociedad/cuadros_informe_pobreza_03_26.xls,1bc8ace7a469fc0c4ff37cb2c624d4bd025ab18fb767386e6b8a03af3010b5d3,2026-07-11T07:14:15Z
indec_poverty_persons_patagonia,2021-S2,semiannual,31.500000,percent_of_persons,official,indec_poverty,https://www.indec.gob.ar/ftp/cuadros/sociedad/cuadros_informe_pobreza_03_26.xls,1bc8ace7a469fc0c4ff37cb2c624d4bd025ab18fb767386e6b8a03af3010b5d3,2026-07-11T07:14:15Z
indec_poverty_persons_patagonia,2022-S1,semiannual,31.400000,percent_of_persons,official,indec_poverty,https://www.indec.gob.ar/ftp/cuadros/sociedad/cuadros_informe_pobreza_03_26.xls,1bc8ace7a469fc0c4ff37cb2c624d4bd025ab18fb767386e6b8a03af3010b5d3,2026-07-11T07:14:15Z
indec_poverty_persons_patagonia,2022-S2,semiannual,34.700000,percent_of_persons,official,indec_poverty,https://www.indec.gob.ar/ftp/cuadros/sociedad/cuadros_informe_pobreza_03_26.xls,1bc8ace7a469fc0c4ff37cb2c624d4bd025ab18fb767386e6b8a03af3010b5d3,2026-07-11T07:14:15Z
indec_poverty_persons_patagonia,2023-S1,semiannual,33.200000,percent_of_persons,official,indec_poverty,https://www.indec.gob.ar/ftp/cuadros/sociedad/cuadros_informe_pobreza_03_26.xls,1bc8ace7a469fc0c4ff37cb2c624d4bd025ab18fb767386e6b8a03af3010b5d3,2026-07-11T07:14:15Z
indec_poverty_persons_patagonia,2023-S2,semiannual,36.500000,percent_of_persons,official,indec_poverty,https://www.indec.gob.ar/ftp/cuadros/sociedad/cuadros_informe_pobreza_03_26.xls,1bc8ace7a469fc0c4ff37cb2c624d4bd025ab18fb767386e6b8a03af3010b5d3,2026-07-11T07:14:15Z
indec_poverty_persons_patagonia,2024-S1,semiannual,49.100000,percent_of_persons,official,indec_poverty,https://www.indec.gob.ar/ftp/cuadros/sociedad/cuadros_informe_pobreza_03_26.xls,1bc8ace7a469fc0c4ff37cb2c624d4bd025ab18fb767386e6b8a03af3010b5d3,2026-07-11T07:14:15Z
indec_poverty_persons_patagonia,2024-S2,semiannual,33.500000,percent_of_persons,official,indec_poverty,https://www.indec.gob.ar/ftp/cuadros/sociedad/cuadros_informe_pobreza_03_26.xls,1bc8ace7a469fc0c4ff37cb2c624d4bd025ab18fb767386e6b8a03af3010b5d3,2026-07-11T07:14:15Z
indec_poverty_persons_patagonia,2025-S1,semiannual,27.000000,percent_of_persons,official,indec_poverty,https://www.indec.gob.ar/ftp/cuadros/sociedad/cuadros_informe_pobreza_03_26.xls,1bc8ace7a469fc0c4ff37cb2c624d4bd025ab18fb767386e6b8a03af3010b5d3,2026-07-11T07:14:15Z
indec_poverty_persons_patagonia,2025-S2,semiannual,25.400000,percent_of_persons,official,indec_poverty,https://www.indec.gob.ar/ftp/cuadros/sociedad/cuadros_informe_pobreza_03_26.xls,1bc8ace7a469fc0c4ff37cb2c624d4bd025ab18fb767386e6b8a03af3010b5d3,2026-07-11T07:14:15Z
indec_poverty_persons_total_31_agglomerates,2016-S2,semiannual,30.300000,percent_of_persons,official,indec_poverty,https://www.indec.gob.ar/ftp/cuadros/sociedad/cuadros_informe_pobreza_03_26.xls,1bc8ace7a469fc0c4ff37cb2c624d4bd025ab18fb767386e6b8a03af3010b5d3,2026-07-11T07:14:15Z
indec_poverty_persons_total_31_agglomerates,2017-S1,semiannual,28.600000,percent_of_persons,official,indec_poverty,https://www.indec.gob.ar/ftp/cuadros/sociedad/cuadros_informe_pobreza_03_26.xls,1bc8ace7a469fc0c4ff37cb2c624d4bd025ab18fb767386e6b8a03af3010b5d3,2026-07-11T07:14:15Z
indec_poverty_persons_total_31_agglomerates,2017-S2,semiannual,25.700000,percent_of_persons,official,indec_poverty,https://www.indec.gob.ar/ftp/cuadros/sociedad/cuadros_informe_pobreza_03_26.xls,1bc8ace7a469fc0c4ff37cb2c624d4bd025ab18fb767386e6b8a03af3010b5d3,2026-07-11T07:14:15Z
indec_poverty_persons_total_31_agglomerates,2018-S1,semiannual,27.300000,percent_of_persons,official,indec_poverty,https://www.indec.gob.ar/ftp/cuadros/sociedad/cuadros_informe_pobreza_03_26.xls,1bc8ace7a469fc0c4ff37cb2c624d4bd025ab18fb767386e6b8a03af3010b5d3,2026-07-11T07:14:15Z
indec_poverty_persons_total_31_agglomerates,2018-S2,semiannual,32.000000,percent_of_persons,official,indec_poverty,https://www.indec.gob.ar/ftp/cuadros/sociedad/cuadros_informe_pobreza_03_26.xls,1bc8ace7a469fc0c4ff37cb2c624d4bd025ab18fb767386e6b8a03af3010b5d3,2026-07-11T07:14:15Z
indec_poverty_persons_total_31_agglomerates,2019-S1,semiannual,35.400000,percent_of_persons,official,indec_poverty,https://www.indec.gob.ar/ftp/cuadros/sociedad/cuadros_informe_pobreza_03_26.xls,1bc8ace7a469fc0c4ff37cb2c624d4bd025ab18fb767386e6b8a03af3010b5d3,2026-07-11T07:14:15Z
indec_poverty_persons_total_31_agglomerates,2019-S2,semiannual,35.500000,percent_of_persons,official,indec_poverty,https://www.indec.gob.ar/ftp/cuadros/sociedad/cuadros_informe_pobreza_03_26.xls,1bc8ace7a469fc0c4ff37cb2c624d4bd025ab18fb767386e6b8a03af3010b5d3,2026-07-11T07:14:15Z
indec_poverty_persons_total_31_agglomerates,2020-S1,semiannual,40.900000,percent_of_persons,official,indec_poverty,https://www.indec.gob.ar/ftp/cuadros/sociedad/cuadros_informe_pobreza_03_26.xls,1bc8ace7a469fc0c4ff37cb2c624d4bd025ab18fb767386e6b8a03af3010b5d3,2026-07-11T07:14:15Z
indec_poverty_persons_total_31_agglomerates,2020-S2,semiannual,42.000000,percent_of_persons,official,indec_poverty,https://www.indec.gob.ar/ftp/cuadros/sociedad/cuadros_informe_pobreza_03_26.xls,1bc8ace7a469fc0c4ff37cb2c624d4bd025ab18fb767386e6b8a03af3010b5d3,2026-07-11T07:14:15Z
indec_poverty_persons_total_31_agglomerates,2021-S1,semiannual,40.600000,percent_of_persons,official,indec_poverty,https://www.indec.gob.ar/ftp/cuadros/sociedad/cuadros_informe_pobreza_03_26.xls,1bc8ace7a469fc0c4ff37cb2c624d4bd025ab18fb767386e6b8a03af3010b5d3,2026-07-11T07:14:15Z
indec_poverty_persons_total_31_agglomerates,2021-S2,semiannual,37.300000,percent_of_persons,official,indec_poverty,https://www.indec.gob.ar/ftp/cuadros/sociedad/cuadros_informe_pobreza_03_26.xls,1bc8ace7a469fc0c4ff37cb2c624d4bd025ab18fb767386e6b8a03af3010b5d3,2026-07-11T07:14:15Z
indec_poverty_persons_total_31_agglomerates,2022-S1,semiannual,36.500000,percent_of_persons,official,indec_poverty,https://www.indec.gob.ar/ftp/cuadros/sociedad/cuadros_informe_pobreza_03_26.xls,1bc8ace7a469fc0c4ff37cb2c624d4bd025ab18fb767386e6b8a03af3010b5d3,2026-07-11T07:14:15Z
indec_poverty_persons_total_31_agglomerates,2022-S2,semiannual,39.200000,percent_of_persons,official,indec_poverty,https://www.indec.gob.ar/ftp/cuadros/sociedad/cuadros_informe_pobreza_03_26.xls,1bc8ace7a469fc0c4ff37cb2c624d4bd025ab18fb767386e6b8a03af3010b5d3,2026-07-11T07:14:15Z
indec_poverty_persons_total_31_agglomerates,2023-S1,semiannual,40.100000,percent_of_persons,official,indec_poverty,https://www.indec.gob.ar/ftp/cuadros/sociedad/cuadros_informe_pobreza_03_26.xls,1bc8ace7a469fc0c4ff37cb2c624d4bd025ab18fb767386e6b8a03af3010b5d3,2026-07-11T07:14:15Z
indec_poverty_persons_total_31_agglomerates,2023-S2,semiannual,41.700000,percent_of_persons,official,indec_poverty,https://www.indec.gob.ar/ftp/cuadros/sociedad/cuadros_informe_pobreza_03_26.xls,1bc8ace7a469fc0c4ff37cb2c624d4bd025ab18fb767386e6b8a03af3010b5d3,2026-07-11T07:14:15Z
indec_poverty_persons_total_31_agglomerates,2024-S1,semiannual,52.900000,percent_of_persons,official,indec_poverty,https://www.indec.gob.ar/ftp/cuadros/sociedad/cuadros_informe_pobreza_03_26.xls,1bc8ace7a469fc0c4ff37cb2c624d4bd025ab18fb767386e6b8a03af3010b5d3,2026-07-11T07:14:15Z
indec_poverty_persons_total_31_agglomerates,2024-S2,semiannual,38.100000,percent_of_persons,official,indec_poverty,https://www.indec.gob.ar/ftp/cuadros/sociedad/cuadros_informe_pobreza_03_26.xls,1bc8ace7a469fc0c4ff37cb2c624d4bd025ab18fb767386e6b8a03af3010b5d3,2026-07-11T07:14:15Z
indec_poverty_persons_total_31_agglomerates,2025-S1,semiannual,31.600000,percent_of_persons,official,indec_poverty,https://www.indec.gob.ar/ftp/cuadros/sociedad/cuadros_informe_pobreza_03_26.xls,1bc8ace7a469fc0c4ff37cb2c624d4bd025ab18fb767386e6b8a03af3010b5d3,2026-07-11T07:14:15Z
indec_poverty_persons_total_31_agglomerates,2025-S2,semiannual,28.200000,percent_of_persons,official,indec_poverty,https://www.indec.gob.ar/ftp/cuadros/sociedad/cuadros_informe_pobreza_03_26.xls,1bc8ace7a469fc0c4ff37cb2c624d4bd025ab18fb767386e6b8a03af3010b5d3,2026-07-11T07:14:15Z
